current_price,current_revenue,current_occ,optimal_price,optimal_revenue,optimal_occ,safe_low,safe_high,safe_revenue_max,revenue_lift_pct,price_change_pct,has_safe_band,listing_id,property_type,room_type,accommodates,vibe_score,neighbourhood
60.0,999.4885723201596,0.5609959,120.0,1685.206389427185,0.4681129,,,,68.6068691626195,100.0,False,29694452,Private room in bed and breakfast,Private room,3,57.3,Westminster
174.0,1789.1434011836443,0.34628126,348.0,3114.829137325287,0.29835528,,,,74.09611411050719,100.0,False,1165908801265571207,Entire rental unit,Entire home/apt,4,72.6,Hammersmith and Fulham
69.0,1108.1193919936002,0.5408422,138.0,1594.264429807663,0.38508803,34.5,36.61224489795919,833.8537535862048,43.87117862267954,100.0,True,4408750,Private room in townhouse,Private room,1,42.7,Camden
204.0,5114.910081041103,0.8443858,370.53061224489795,7023.463205220748,0.6318383,102.0,264.36734693877554,6273.527501529577,37.31352250460624,81.63265306122449,True,1177289303002950647,Barn,Entire home/apt,8,74.0,Richmond upon Thames
791.0,0.0,0.0,565.0,1508.6386799812317,0.08900523,,,,0.0,-28.57142857142857,False,1049479596086845009,Entire rental unit,Entire home/apt,5,83.3,Kensington and Chelsea
68.0,1174.4447419108176,0.58164334,121.42857142857143,1770.691522530147,0.48607218,34.0,44.40816326530612,1010.8742756746253,50.7683979792219,78.57142857142857,True,3714912,Private room in condo,Private room,1,83.3,Kensington and Chelsea
87.0,809.2547711060972,0.3132558,174.0,1185.9469047188759,0.2271929,,,,46.54802752635147,100.0,False,1115182533762724900,Entire rental unit,Entire home/apt,2,50.8,Southwark
116.0,1097.6635861275147,0.31867233,232.0,2080.929822921753,0.29898417,,,,89.57810473272026,100.0,False,826522666044512955,Entire rental unit,Entire home/apt,2,72.6,Hammersmith and Fulham
95.0,1337.3801458703012,0.47409388,190.0,2415.3288692235947,0.4237419,,,,80.60151982081484,100.0,False,1360990506824249993,Entire rental unit,Entire home/apt,6,63.0,Haringey
44.0,855.0556096738699,0.65444744,88.0,1274.482262134552,0.48275843,22.0,24.693877551020407,579.5722246170044,49.05255842022454,100.0,True,679790,Private room in home,Private room,2,83.3,Kensington and Chelsea
150.0,610.1842037573153,0.13699439,198.9795918367347,768.6235862118857,0.12876087,,,,25.965828266112478,32.6530612244898,False,1281037643714757534,Entire home,Entire home/apt,2,75.0,Hackney
30.0,406.32425279033424,0.45612574,59.08163265306123,478.04669372889464,0.2697097,,,,17.651528415058603,96.9387755102041,False,875872311799386741,Private room in rental unit,Private room,2,38.4,Lewisham
108.0,1485.0250174561324,0.46306622,212.69387755102042,2360.195424994644,0.36988926,,,,58.93304134617813,96.9387755102041,False,1030018113778385716,Entire rental unit,Entire home/apt,3,59.8,Islington
117.0,1265.7375125374112,0.3643266,234.0,1920.508480668068,0.2735767,,,,51.73039130506956,100.0,False,995733593984193591,Entire rental unit,Entire home/apt,2,46.1,Tower Hamlets
140.0,2558.1945266042435,0.61537325,280.0,4278.822898864746,0.5093837,,,,67.25948141811057,100.0,False,1294117175645671383,Entire rental unit,Entire home/apt,5,50.8,Southwark
270.0,0.0,0.0,135.0,422.07616567611694,0.10421634,,,,0.0,-50.0,False,16951033,Private room in rental unit,Private room,2,72.6,Hammersmith and Fulham
331.0,2713.468071629806,0.27607673,662.0,5434.346709251404,0.27363276,,,,100.27310312103066,100.0,False,1432589172528012689,Entire serviced apartment,Entire home/apt,2,19.0,City of London
129.0,2720.6377578268243,0.71025467,206.66326530612244,3830.7969339222323,0.61788064,64.5,111.88775510204081,2525.3908950455334,40.80510802666264,60.20408163265305,True,501837,Entire condo,Entire home/apt,4,42.7,Camden
153.0,0.0,0.0,76.5,136.259373575449,0.059372276,,,,0.0,-50.0,False,1502785205139580773,Private room in home,Private room,2,49.0,Lambeth
164.0,2253.091779703996,0.46266657,328.0,4264.448719024658,0.43337893,,,,89.27097233406568,100.0,False,1351678108016098705,Entire home,Entire home/apt,14,59.1,Greenwich
440.0,6005.289753724118,0.45963636,880.0,9957.465720176697,0.37717673,,,,65.81157826733802,100.0,False,27972787,Entire rental unit,Entire home/apt,5,57.3,Westminster
107.0,1492.0480034150637,0.46960434,214.0,2475.5043625831604,0.38559258,,,,65.91318489198198,100.0,False,1492878999876737699,Entire rental unit,Entire home/apt,4,45.0,Ealing
121.0,1871.052933505603,0.5207554,134.5816326530612,1997.404761898274,0.4947195,60.5,67.90816326530611,1638.9207442804259,6.752979893302021,11.224489795918352,True,622977115642475252,Entire condo,Entire home/apt,6,50.8,Southwark
99.0,753.3461256933456,0.25626686,64.65306122448979,1062.482520512172,0.54778665,,,,41.03510780443867,-34.693877551020414,False,1192493128628691848,Entire rental unit,Entire home/apt,2,42.4,Hounslow
100.0,984.9442286150796,0.33169943,65.3061224489796,1180.5753124003509,0.6025853,,,,19.862148343195653,-34.69387755102041,False,1455996573442277928,Entire rental unit,Entire home/apt,2,32.4,Merton
95.0,813.4440547957712,0.28836143,190.0,1369.3567469716072,0.24023803,,,,68.34061775955904,100.0,False,978290888239466234,Private room in home,Private room,1,18.3,Croydon
221.0,2607.2433533808403,0.3973035,442.0,3344.4005119800568,0.25221723,,,,28.273431309867448,100.0,False,1015847344461101131,Entire serviced apartment,Entire home/apt,3,83.3,Kensington and Chelsea
240.0,1286.535026345934,0.18052754,164.08163265306123,1706.4963501326893,0.3466763,,,,32.64282084721357,-31.632653061224485,False,1392892906295137555,Entire rental unit,Entire home/apt,2,57.3,Westminster
81.0,466.9255381412044,0.19413136,154.56122448979593,733.7708643717426,0.15824816,,,,57.149439136019296,90.81632653061227,False,850927473277324937,Private room in home,Private room,2,49.0,Lambeth
286.0,2068.2218251362137,0.24353656,572.0,3219.7005879879,0.18762824,,,,55.67481925087263,100.0,False,1452003331996820022,Entire rental unit,Entire home/apt,6,42.4,Hounslow
160.0,2228.018930007,0.46895587,320.0,4106.7352294921875,0.42778492,,,,84.3222772563824,100.0,False,1313071263914270466,Entire rental unit,Entire home/apt,8,59.8,Islington
57.0,728.7045529089412,0.43053624,114.0,1203.1051218509674,0.35178512,,,,65.10190818051706,100.0,False,1434439121574731518,Private room in home,Private room,2,72.6,Hammersmith and Fulham
142.0,1258.8000168362441,0.29853928,262.265306122449,1515.1619829267872,0.1925737,,,,20.36558330646201,84.6938775510204,False,29295661,Entire rental unit,Entire home/apt,5,38.4,Lewisham
164.0,2147.5112786220043,0.4409859,328.0,3009.8977160453796,0.3058839,,,,40.157481174056684,100.0,False,19566845,Entire condo,Entire home/apt,2,59.1,Greenwich
900.0,4545.414086051133,0.17008422,1800.0,7036.567747592926,0.13030681,,,,54.80586838472187,100.0,False,40080878,Room in boutique hotel,Private room,3,83.3,Kensington and Chelsea
50.0,562.0638655156506,0.37857223,100.0,826.2037038803101,0.27540123,,,,46.994630783164006,100.0,False,716720676160307906,Private room in home,Private room,2,63.0,Haringey
146.0,2050.9600974163227,0.4730831,292.0,3133.318508863449,0.35768476,,,,52.77325545292748,100.0,False,1374247213811651747,Entire rental unit,Entire home/apt,4,57.3,Westminster
360.0,4932.145065555768,0.46138814,554.6938775510205,6311.611652860837,0.37928498,,,,27.96889728444406,54.08163265306124,False,1201182167544544463,Entire home,Entire home/apt,6,32.4,Merton
91.0,810.6323399075441,0.2999961,182.0,918.3979600667953,0.16820475,,,,13.294019354266373,100.0,False,1402269454551536736,Private room in home,Private room,2,77.8,Wandsworth
57.0,615.4910235654336,0.36364695,114.0,1185.2744454145432,0.34657148,,,,92.57379881000574,100.0,False,757015353772080461,Private room in home,Private room,2,46.1,Tower Hamlets
328.0,4395.132626951957,0.45126456,656.0,7694.620227813721,0.3909868,,,,75.071400135426,100.0,False,976530131366626496,Entire home,Entire home/apt,8,59.8,Islington
143.0,2151.454548951314,0.5066747,286.0,3157.601611018181,0.36801884,,,,46.76589903129929,100.0,False,24616681,Entire rental unit,Entire home/apt,2,42.7,Camden
230.0,2101.7414609692532,0.30774042,220.61224489795916,2158.013438022866,0.32606432,,,,2.677397677051202,-4.081632653061235,False,1258755580617949924,Entire cottage,Entire home/apt,7,25.8,Bromley
188.0,2821.563712820715,0.50543475,370.2448979591837,3719.717657249801,0.33488804,,,,31.831779674087258,96.93877551020408,False,671105409932591811,Entire condo,Entire home/apt,3,57.3,Westminster
359.0,1057.3300559575462,0.099185735,652.0612244897959,1549.3569257855415,0.07920304,,,,46.53484189309295,81.63265306122447,False,1359429103214179785,Entire home,Entire home/apt,6,74.0,Richmond upon Thames
171.0,2230.851482730739,0.43934697,232.07142857142856,2450.1248441423686,0.35192108,,,,9.829133095997122,35.7142857142857,False,1367443475565231748,Entire rental unit,Entire home/apt,4,77.8,Wandsworth
66.0,1102.1889583431944,0.56239986,132.0,1418.18798661232,0.35812828,,,,28.6701319113316,100.0,False,1469659859372733221,Entire condo,Entire home/apt,3,25.8,Bromley
275.0,3337.2519891328957,0.40868565,550.0,6053.658664226532,0.3668884,,,,81.39651078009932,100.0,False,1157860416379658397,Entire rental unit,Entire home/apt,4,72.6,Hammersmith and Fulham
360.0,4094.6284656621974,0.38304085,720.0,7982.807636260986,0.36957443,,,,94.95804572271442,100.0,False,696007816639573172,Entire rental unit,Entire home/apt,4,42.7,Camden
79.0,766.8870789907417,0.32691693,92.70408163265306,851.0755874520661,0.30601874,,,,10.97795369979637,17.3469387755102,False,1022544747292618221,Private room in home,Private room,2,74.0,Richmond upon Thames
274.0,1048.028387597629,0.12881178,162.16326530612244,1873.1022360373515,0.38502395,,,,78.72628816200485,-40.816326530612244,False,1438212169053417639,Entire home,Entire home/apt,5,25.8,Bromley
62.0,861.8111373636187,0.46811602,124.0,1454.5908522605896,0.39101905,,,,68.78301859852421,100.0,False,1067268015439770491,Private room in rental unit,Private room,2,46.1,Tower Hamlets
175.0,2698.861464858055,0.5193685,350.0,4566.117525100708,0.43486834,,,,69.18680653142972,100.0,False,1442797280766844563,Entire rental unit,Entire home/apt,8,77.8,Wandsworth
238.0,3968.3077988454274,0.56151515,476.0,6216.854614019394,0.43535396,,,,56.662611096552986,100.0,False,683873971424363745,Entire condo,Entire home/apt,4,75.0,Hackney
24.0,288.0198668703741,0.4041516,31.836734693877553,331.4347284180778,0.347015,,,,15.073564896564221,32.653061224489804,False,1029889987766167976,Private room in rental unit,Private room,2,38.4,Lewisham
173.0,371.3620559141344,0.07229105,91.79591836734694,539.467317322079,0.19589372,,,,45.26721530398184,-46.93877551020408,False,32345416,Private room in home,Private room,2,32.4,Merton
132.0,1451.8637035452589,0.37041196,215.51020408163265,2005.7405043621454,0.31023133,,,,38.149366188051445,63.26530612244898,False,1161354550319968155,Entire rental unit,Entire home/apt,4,75.0,Hackney
200.0,2910.182532607293,0.49003074,400.0,4064.030885696411,0.33866924,,,,39.648659153189314,100.0,False,756547590276332252,Entire condo,Entire home/apt,3,72.6,Hammersmith and Fulham
292.0,3624.7349014330885,0.41804832,584.0,5689.867601394653,0.32476413,,,,56.97334442706655,100.0,False,1143287274655004144,Entire rental unit,Entire home/apt,6,72.6,Hammersmith and Fulham
53.0,947.8341293882349,0.6022677,104.37755102040816,1384.6928582781431,0.44220647,26.5,28.122448979591837,639.8806491676642,46.09020875539394,96.93877551020408,True,1056558611525224673,Entire rental unit,Entire home/apt,2,46.1,Tower Hamlets
65.0,526.6900180705957,0.27288195,104.13265306122449,599.2132159748248,0.19181086,,,,13.769616931397474,60.204081632653065,False,680872285809676065,Private room in home,Private room,2,59.1,Greenwich
70.0,571.1428061127662,0.2747766,133.57142857142856,714.9466950978551,0.17841807,,,,25.178271956855642,90.81632653061223,False,52986767,Private room in condo,Private room,2,18.3,Croydon
33.0,338.6178164092862,0.34556437,49.836734693877546,352.2431365932737,0.23559806,,,,4.023804869002697,51.02040816326529,False,35570630,Private room in home,Private room,1,15.1,Redbridge
175.0,2702.195102615016,0.52001005,350.0,4460.001111030579,0.424762,,,,65.0510396793506,100.0,False,1354974817161200354,Entire rental unit,Entire home/apt,5,83.3,Kensington and Chelsea
65.0,587.338468858174,0.30430436,130.0,817.3477783799171,0.20957635,,,,39.1612880336098,100.0,False,1444886938639537084,Room in aparthotel,Private room,2,15.1,Redbridge
27.0,363.07901939567256,0.4528668,24.244897959183675,486.7844905658644,0.6692604,,,,34.071225425278946,-10.204081632653057,False,786918057146764007,Private room in home,Private room,1,18.3,Croydon
166.0,2717.1941902442854,0.5512463,332.0,4192.469311952591,0.42093065,,,,54.29406286106011,100.0,False,5724223,Entire rental unit,Entire home/apt,8,59.1,Greenwich
104.0,1127.2654894176794,0.36502782,208.0,2005.917706489563,0.32146117,,,,77.94545520290663,100.0,False,1393753199030139510,Entire rental unit,Entire home/apt,5,50.8,Southwark
70.0,963.3830289755547,0.46348324,140.0,1462.6010656356812,0.34823835,,,,51.81926831231255,100.0,False,1431123922585611785,Private room in home,Private room,2,30.2,Barnet
92.0,964.225974155932,0.35295886,184.0,1862.3248887062073,0.3373777,,,,93.14195412921299,100.0,False,1298798299220119895,Private room in guesthouse,Private room,2,59.8,Islington
315.0,4026.1301809123584,0.43043774,630.0,6897.219881415367,0.36493227,,,,71.31139758258868,100.0,False,641243285974162845,Entire home,Entire home/apt,6,72.6,Hammersmith and Fulham
181.0,3479.367994556622,0.64737344,362.0,5606.857713460922,0.51628524,,,,61.14586678479256,100.0,False,917430466762334305,Entire rental unit,Entire home/apt,4,57.3,Westminster
68.0,680.3053352784137,0.33692098,136.0,1279.9634456634521,0.31371653,,,,88.1454369514285,100.0,False,942688162378817219,Private room in condo,Private room,2,50.8,Southwark
173.0,1262.3508248919127,0.24573502,208.30612244897958,1487.0274125951894,0.23795547,,,,17.79826837935598,20.408163265306115,False,1487516894549866630,Entire rental unit,Entire home/apt,4,77.8,Wandsworth
187.0,1512.9803503289513,0.2724738,145.0204081632653,1647.9229932780167,0.37877956,,,,8.91899507615722,-22.44897959183674,False,1349380945587917894,Entire rental unit,Entire home/apt,2,57.3,Westminster
558.0,8486.330926661587,0.51217556,1116.0,17147.63774871826,0.51217556,,,,102.06185567010313,100.0,False,933242236916672467,Entire rental unit,Entire home/apt,4,83.3,Kensington and Chelsea
151.0,1369.9986725285346,0.30554578,121.72448979591837,1567.9167610893444,0.42936218,,,,14.446589805486656,-19.387755102040813,False,1441180786721778074,Entire rental unit,Entire home/apt,2,49.0,Lambeth
28.0,501.31142377853394,0.6029519,25.142857142857142,607.5022642953055,0.8054007,14.0,25.142857142857142,607.5022642953055,21.182609348173134,-10.204081632653063,True,1453910968984493730,Private room in rental unit,Private room,1,26.9,Sutton
333.0,4425.511117708318,0.44756106,553.8673469387755,5186.545703335076,0.31214127,,,,17.19653539184526,66.32653061224491,False,629022373211860533,Entire condo,Entire home/apt,6,46.1,Tower Hamlets
367.0,734.0663845320137,0.06736004,194.73469387755102,1355.249837089558,0.23198226,,,,84.6222447515513,-46.93877551020408,False,1406704109539560225,Entire serviced apartment,Entire home/apt,6,46.1,Tower Hamlets
89.0,1323.0414398409882,0.5006296,178.0,2127.9132682085037,0.39848563,,,,60.83496738123715,100.0,False,1005543345231923122,Entire rental unit,Entire home/apt,2,83.3,Kensington and Chelsea
200.0,1881.401770577139,0.3167996,259.1836734693877,2183.862986005082,0.28086427,,,,16.07637561301752,29.591836734693857,False,1083429670497643674,Entire condo,Entire home/apt,4,46.1,Tower Hamlets
122.0,1817.1062472523474,0.50159544,195.44897959183675,2385.960609547946,0.4069196,,,,31.30550913881703,60.20408163265307,False,1334479842177347163,Tiny home,Entire home/apt,2,75.0,Hackney
95.0,1627.2055576042253,0.5768354,187.09183673469389,2866.403516245132,0.51069456,,,,76.15497334371253,96.9387755102041,False,1497116151074983299,Entire rental unit,Entire home/apt,4,72.6,Hammersmith and Fulham
360.0,4333.244805919881,0.40536273,720.0,7034.112882614136,0.32565337,,,,62.328998191019615,100.0,False,1260285673767854337,Entire rental unit,Entire home/apt,10,72.6,Hammersmith and Fulham
135.0,764.5050812968794,0.19071274,232.80612244897958,1081.846196843045,0.15489945,,,,41.509353346329526,72.44897959183673,False,32159530,Private room in rental unit,Private room,2,59.1,Greenwich
50.0,516.041956689893,0.34757465,96.93877551020408,586.5468951512356,0.20168981,,,,13.662636835498898,93.87755102040816,False,33271618,Private room in home,Private room,1,74.0,Richmond upon Thames
63.0,960.8806851931981,0.51364374,126.0,1616.0703492164612,0.42753184,31.5,33.42857142857143,756.856529882976,68.18637049526376,100.0,True,965124858282036027,Entire home,Entire home/apt,2,20.3,Enfield
99.0,1249.7862543196095,0.42514163,198.0,1905.8301454782486,0.32084683,,,,52.492487326626346,100.0,False,1491883181501403638,Entire rental unit,Entire home/apt,2,38.4,Lewisham
190.0,2148.594077935024,0.38083237,380.0,3663.3211255073547,0.32134396,,,,70.49852101557072,100.0,False,1109527501079938479,Entire rental unit,Entire home/apt,5,83.3,Kensington and Chelsea
180.0,1842.412336991758,0.34470487,156.12244897959184,1974.1874781190131,0.42150408,,,,7.152315390072461,-13.26530612244898,False,778814929762858896,Entire rental unit,Entire home/apt,3,42.7,Camden
401.0,0.0,0.0,200.5,0.0,0.0,,,,0.0,-50.0,False,556797,Private room in home,Private room,3,38.4,Lewisham
210.0,5213.664621540479,0.8360974,420.0,9815.543246269226,0.77901137,105.0,420.0,9815.543246269226,88.26572015614292,100.0,True,45464597,Entire serviced apartment,Entire home/apt,2,42.7,Camden
266.0,1915.0533590146472,0.24245566,532.0,3866.424082517624,0.24225715,,,,101.89641527831976,100.0,False,1432578945006560207,Entire serviced apartment,Entire home/apt,2,19.0,City of London
90.0,1315.8077649316012,0.4923603,171.73469387755102,2210.812300352418,0.4291139,,,,68.01939913064284,90.81632653061224,False,6403266,Private room in home,Private room,3,47.7,Brent
249.0,2223.1754894311334,0.30068204,498.0,4241.223231554031,0.28388375,,,,90.77320938974891,100.0,False,1462869306669009351,Entire rental unit,Entire home/apt,2,46.1,Tower Hamlets
280.0,4261.565412793841,0.5125594,560.0,7362.8108739852905,0.43826255,,,,72.77244769917314,100.0,False,1032170460804271617,Entire rental unit,Entire home/apt,4,57.3,Westminster
108.0,2980.052833119217,0.92925155,216.0,5624.471025466919,0.8679739,54.0,216.0,5624.471025466919,88.73729227074786,100.0,True,50464411,Private room in rental unit,Private room,1,42.7,Camden
50.0,337.9466924436239,0.22762045,38.775510204081634,548.5925163541522,0.47159708,,,,62.33108020303176,-22.448979591836732,False,1089759182378662696,Private room in rental unit,Private room,1,72.6,Hammersmith and Fulham
175.0,2335.2092222443653,0.44938734,328.57142857142856,3175.1506498881745,0.32211673,,,,35.96857273613124,87.75510204081631,False,1336295170838498941,Entire rental unit,Entire home/apt,3,57.3,Westminster
90.0,1345.1925377456512,0.50335574,180.0,2180.5522441864014,0.40380597,,,,62.09963875064998,100.0,False,52277885,Entire rental unit,Entire home/apt,3,32.4,Merton
380.0,4808.225651541534,0.42612237,725.1020408163265,7121.028405306291,0.32735753,,,,48.10096117313596,90.81632653061223,False,1490531400852848602,Entire rental unit,Entire home/apt,6,57.3,Westminster
188.0,1156.8846845626829,0.20723605,140.0408163265306,1490.5962677756133,0.35480043,,,,28.845708450110365,-25.510204081632658,False,1172684437699741609,Entire rental unit,Entire home/apt,4,57.3,Westminster
44.0,530.3890741357999,0.40595227,27.387755102040817,616.7240156446185,0.75060797,22.0,27.387755102040817,616.7240156446185,16.27766213877806,-37.755102040816325,True,1292118238780581261,Entire rental unit,Entire home/apt,2,20.3,Enfield
175.0,2508.4142056959017,0.48271888,350.0,3397.502660751343,0.32357168,,,,35.444244137852984,100.0,False,1469230007260790320,Entire rental unit,Entire home/apt,4,59.8,Islington
85.0,191.75348446077228,0.07597268,58.11224489795919,583.3381467935991,0.33460426,,,,204.2125406137977,-31.632653061224485,False,1496982979927393772,Private room in rental unit,Private room,2,38.3,Waltham Forest
347.0,4940.73063342851,0.47950682,694.0,7762.87228345871,0.3728565,,,,57.1199253595381,100.0,False,728300400690572578,Entire condo,Entire home/apt,4,57.3,Westminster
197.0,3495.815665290064,0.5976066,394.0,5459.2535519599915,0.46186578,,,,56.16537239548677,100.0,False,1206212466962973757,Entire rental unit,Entire home/apt,4,57.3,Westminster
176.0,2005.3590390633562,0.38371834,352.0,3318.818235397339,0.31428203,,,,65.49745809844907,100.0,False,1094103765347655618,Entire rental unit,Entire home/apt,2,83.3,Kensington and Chelsea
145.0,2457.909883497929,0.5708619,290.0,3705.3467005491257,0.42590192,72.5,81.37755102040816,1848.9967754908969,50.75193461836485,100.0,True,1336103355577405036,Entire condo,Entire home/apt,4,83.3,Kensington and Chelsea
1000.0,8206.501919396069,0.27637017,2000.0,15309.780836105347,0.255163,,,,86.55672034780955,100.0,False,54046872,Room in hotel,Private room,4,83.3,Kensington and Chelsea
181.0,2227.4053488033155,0.41443247,362.0,3075.772361755371,0.2832203,,,,38.08767961376428,100.0,False,667017574971782944,Entire condo,Entire home/apt,4,74.0,Richmond upon Thames
242.0,3652.8858959796476,0.50833946,484.0,5429.407449960709,0.37392613,,,,48.633371109026264,100.0,False,1263738617940285752,Entire rental unit,Entire home/apt,4,19.0,City of London
343.0,5101.59395813942,0.5008929,686.0,8676.216714978218,0.42158487,,,,70.06874294916415,100.0,False,50590961,Entire condo,Entire home/apt,4,41.2,Newham
55.0,477.19127386808395,0.29218835,108.31632653061224,825.6470162345439,0.25408512,,,,73.02223687828541,96.93877551020408,False,1080332635125329589,Private room in rental unit,Private room,2,59.1,Greenwich
153.0,1602.4184774896323,0.35270986,306.0,2552.525314092636,0.27805287,,,,59.292054475772915,100.0,False,40303590,Entire rental unit,Entire home/apt,4,75.0,Hackney
225.0,3592.9369077998763,0.53777444,450.0,5040.033012628555,0.37333578,,,,40.27613459304533,100.0,False,50208703,Entire condo,Entire home/apt,3,50.8,Southwark
49.0,781.1944198608398,0.5369034,48.5,781.1944198608398,0.5369034,24.5,29.0,666.0310819745064,0.0,-1.0204081632653061,True,1414396545092129589,Entire rental unit,Entire home/apt,2,22.8,Harrow
512.0,4130.118601273517,0.27165997,1024.0,7047.052459716797,0.22939624,,,,70.62591029574422,100.0,False,1165751695245988541,Entire rental unit,Entire home/apt,6,50.8,Southwark
42.0,457.0938270858356,0.3665128,67.28571428571429,487.61272602847646,0.24156328,,,,6.676725244182716,60.20408163265307,False,31611864,Shared room in hostel,Shared room,1,42.7,Camden
190.0,3402.1394487546413,0.60301983,380.0,5609.231632947922,0.49203786,,,,64.87365428248951,100.0,False,39601616,Entire rental unit,Entire home/apt,6,19.0,City of London
278.0,3822.509289396052,0.46305954,556.0,6428.890017271042,0.38542506,,,,68.18507243671846,100.0,False,1065200150573300029,Entire rental unit,Entire home/apt,4,59.8,Islington
90.0,1496.9255374402417,0.5601325,180.0,1956.0132086277008,0.36222467,,,,30.6687046018671,100.0,False,901941998107752570,Entire rental unit,Entire home/apt,2,38.3,Waltham Forest
200.0,1906.091070296813,0.32095692,314.2857142857143,2580.5024845259527,0.27368966,,,,35.38190932944885,57.14285714285714,False,1167203335444179634,Private room in casa particular,Private room,16,75.0,Hackney
173.0,2335.8499323683127,0.4547073,346.0,3998.065969347954,0.38517013,,,,71.1610799112563,100.0,False,1476129702024100179,Entire rental unit,Entire home/apt,5,59.8,Islington
111.0,1525.095686654047,0.4627082,211.8061224489796,2711.038708464832,0.42665413,,,,77.7618763326687,90.81632653061226,False,1419472377421860910,Entire serviced apartment,Entire home/apt,4,59.8,Islington
111.0,2797.6739215668367,0.8488036,198.21428571428572,3644.4485102381022,0.61288023,55.5,147.24489795918367,3315.3658990349086,30.267093750404968,78.57142857142858,True,3245192,Entire home,Entire home/apt,2,46.1,Tower Hamlets
338.0,3004.8559245710467,0.2993919,676.0,5221.848428249359,0.2574876,,,,73.78032622295511,100.0,False,1176104879650660648,Entire rental unit,Entire home/apt,5,49.0,Lambeth
93.0,475.0977196225098,0.17204145,186.0,656.0918909311295,0.11757919,,,,38.09619870464312,100.0,False,914434064326475116,Entire rental unit,Entire home/apt,3,20.3,Enfield
180.0,2624.153253801015,0.49096414,332.44897959183675,4232.014881104839,0.42432725,,,,61.27163590673982,84.6938775510204,False,1385528283637609716,Room in hotel,Private room,2,57.3,Westminster
115.0,1775.4522131717933,0.51992923,230.0,2368.1061029434204,0.34320378,,,,33.38044726717078,100.0,False,1294006148792077907,Entire rental unit,Entire home/apt,2,57.3,Westminster
161.0,2054.2777114467963,0.429701,277.64285714285717,2666.8150866457395,0.32017332,,,,29.817651809479184,72.44897959183675,False,1416139754358540726,Entire rental unit,Entire home/apt,4,77.8,Wandsworth
139.0,1684.1311393009155,0.40803197,248.2142857142857,2056.8486813988,0.2762195,,,,22.1311472367051,78.57142857142856,False,881759265683120350,Entire rental unit,Entire home/apt,2,49.0,Lambeth
297.0,2010.3225960840987,0.22795147,312.1530612244898,2124.464157827351,0.22686137,,,,5.677773406396972,5.1020408163265385,False,1203479952032407580,Entire home,Entire home/apt,7,77.8,Wandsworth
40.0,393.33203447108366,0.33115584,49.38775510204081,432.77440703645044,0.29209292,,,,10.027754952226358,23.469387755102034,False,31914332,Private room in home,Private room,1,38.3,Waltham Forest
61.0,641.7185355418799,0.35428098,122.0,990.4855191707611,0.27062446,,,,54.34890287754824,100.0,False,614136147652713711,Entire rental unit,Entire home/apt,2,47.7,Brent
100.0,2024.5188602379394,0.6817967,196.93877551020407,2553.282342699109,0.43216178,50.0,77.55102040816327,1751.8304513425244,26.11798254124561,96.93877551020407,True,52728719,Entire condo,Entire home/apt,2,49.0,Lambeth
132.0,938.5658031580399,0.23945498,146.81632653061223,995.1789263620668,0.22594647,,,,6.031875763376194,11.224489795918355,False,962881062059214196,Entire rental unit,Entire home/apt,4,30.2,Barnet
177.0,2317.4875515395283,0.4409377,343.1632653061224,3783.434595137226,0.3675058,,,,63.255875641008544,93.87755102040815,False,1374623910471825713,Entire rental unit,Entire home/apt,5,32.4,Merton
139.0,1767.6370390246107,0.4282638,278.0,2996.290726661682,0.35926747,,,,69.50825653184138,100.0,False,874765674684202033,Entire rental unit,Entire home/apt,4,46.1,Tower Hamlets
260.0,2756.8354258731924,0.35708416,456.32653061224494,3265.149317468916,0.23850971,,,,18.43831107309285,75.51020408163266,False,39123204,Entire home,Entire home/apt,4,47.7,Brent
393.0,3405.583148194211,0.2918314,786.0,4835.815272331238,0.20508122,,,,41.996687847583416,100.0,False,1025527341907145312,Entire rental unit,Entire home/apt,6,50.8,Southwark
159.0,1539.743439898807,0.32612517,318.0,1934.3583673238754,0.20276293,,,,25.628615599167787,100.0,False,862137467157546664,Entire rental unit,Entire home/apt,2,57.3,Westminster
279.0,3780.0147446229744,0.4562705,558.0,6014.588997960091,0.35929444,,,,59.115490396321114,100.0,False,1123949855668055837,Entire rental unit,Entire home/apt,4,42.7,Camden
465.0,3168.944996572575,0.22950642,873.0612244897959,4959.476819208689,0.189352,,,,56.50245821788305,87.75510204081633,False,729422891155486765,Entire home,Entire home/apt,8,49.0,Lambeth
88.0,1438.4024529554406,0.5504664,154.44897959183675,2174.9941138831937,0.4694094,,,,51.20901034437901,75.51020408163266,False,1465944873702887852,Entire rental unit,Entire home/apt,2,46.1,Tower Hamlets
67.0,646.7852171495252,0.32510105,92.9795918367347,752.9171719843029,0.26992202,,,,16.40914974873982,38.775510204081634,False,460934,Private room in home,Private room,2,32.4,Merton
300.0,3666.4892371211736,0.41158757,563.265306122449,4911.857332502093,0.29067755,,,,33.966228041044204,87.75510204081634,False,24040543,Entire rental unit,Entire home/apt,6,59.8,Islington
224.0,1048.1389740535192,0.15758103,118.85714285714286,1410.1053755623952,0.39546224,,,,34.53419923018659,-46.93877551020408,False,1136913898676410137,Entire rental unit,Entire home/apt,2,46.1,Tower Hamlets
180.0,1876.5686529023308,0.35109532,360.0,2092.4543917179108,0.19374578,,,,11.504281417132685,100.0,False,883508069424845425,Entire condo,Entire home/apt,3,46.1,Tower Hamlets
96.0,1815.2515020175856,0.63679355,192.0,2922.5366592407227,0.50738484,48.0,65.63265306122449,1479.8428648345325,60.998994133453685,100.0,True,22840816,Entire rental unit,Entire home/apt,4,77.8,Wandsworth
286.0,449.60097258188284,0.052941263,143.0,967.0998005568981,0.22543119,,,,115.10180349549101,-50.0,False,1409580874140482599,Entire rental unit,Entire home/apt,2,83.3,Kensington and Chelsea
216.0,2759.656762784841,0.4302634,432.0,4968.104181289673,0.38334137,,,,80.02616297384138,100.0,False,37767883,Entire rental unit,Entire home/apt,2,57.3,Westminster
228.0,990.0647308996746,0.14623854,281.51020408163265,1176.7778762749265,0.13934106,,,,18.858680604205052,23.46938775510204,False,22645663,Entire condo,Entire home/apt,3,41.2,Newham
228.0,1405.9571050198713,0.20766835,169.83673469387756,1828.4569462464783,0.35886562,,,,30.05069213833772,-25.510204081632647,False,1503663691989029098,Entire rental unit,Entire home/apt,4,72.6,Hammersmith and Fulham
53.0,793.6131503630656,0.5042734,106.0,1223.3511185646057,0.3847016,26.5,29.744897959183675,680.6983946537484,54.1495523360395,100.0,True,3287526,Private room in home,Private room,1,30.2,Barnet
141.0,1927.7270045541984,0.46042565,221.57142857142858,2447.1044101033895,0.3681438,,,,26.942477037577273,57.14285714285715,False,1492052624550900086,Entire rental unit,Entire home/apt,4,42.7,Camden
73.0,851.0025033233117,0.39259166,146.0,1394.200769662857,0.31831068,,,,63.83039582354487,100.0,False,28862207,Private room in townhouse,Private room,2,77.8,Wandsworth
90.0,724.9486425701454,0.27126753,138.67346938775512,880.8986064882912,0.21174408,,,,21.511863704614946,54.08163265306124,False,1115869010702325063,Private room in rental unit,Private room,3,72.6,Hammersmith and Fulham
37.0,514.4769102000461,0.468271,74.0,732.2034591436386,0.32982138,,,,42.31998455653395,100.0,False,1262167262829294194,Private room in rental unit,Private room,1,63.0,Haringey
177.0,2112.4704356643624,0.40193003,354.0,3685.7559406757355,0.347058,,,,74.47609578103193,100.0,False,1385462257589128084,Entire rental unit,Entire home/apt,4,57.3,Westminster
82.0,819.9621938138591,0.33675423,164.0,1243.8287258148193,0.25281072,,,,51.69342381865752,100.0,False,1210970839108648502,Entire rental unit,Entire home/apt,2,45.0,Ealing
145.0,1363.7134549721163,0.31672928,290.0,2107.9907163977623,0.24229778,,,,54.57724705377085,100.0,False,53641771,Entire serviced apartment,Entire home/apt,2,49.0,Lambeth
151.0,1599.4592172393993,0.35672152,302.0,2783.352016210556,0.30721325,,,,74.01831732943506,100.0,False,678256110900961483,Entire home,Entire home/apt,8,30.2,Barnet
46.0,805.0692643681351,0.5893978,92.0,1479.4875311851501,0.5360462,23.0,25.816326530612244,598.956438777398,83.77145876340683,100.0,True,531050,Private room in rental unit,Private room,2,72.6,Hammersmith and Fulham
120.0,1664.9031816696634,0.46724087,236.3265306122449,2747.449865998054,0.3875217,,,,65.02159982917138,96.9387755102041,False,847621986877993538,Entire rental unit,Entire home/apt,2,57.3,Westminster
239.0,3424.9602936481942,0.4826038,478.0,4917.995116710663,0.34295642,,,,43.592762982724096,100.0,False,1088397801011284546,Entire condo,Entire home/apt,4,75.0,Hackney
148.0,2592.149711871634,0.58983624,268.8163265306123,4193.138458874761,0.51995087,,,,61.76297378468741,81.63265306122452,False,767180852942910959,Entire condo,Entire home/apt,4,75.0,Hackney
56.0,600.5287098884583,0.3611427,106.85714285714285,817.7167991229466,0.255081,,,,36.1661458741629,90.81632653061223,False,1443347186422444869,Private room in rental unit,Private room,2,32.4,Merton
50.0,503.0525348016194,0.33882576,44.897959183673464,532.5911361344006,0.39540857,,,,5.871872078813764,-10.204081632653072,False,17492200,Private room in condo,Private room,1,77.8,Wandsworth
262.0,4066.001391131051,0.522636,524.0,7600.496377944946,0.48349214,,,,86.92803191173269,100.0,False,1073911139867856710,Entire home,Entire home/apt,7,45.0,Ealing
924.0,15181.43949508667,0.55331707,1848.0,30470.716495513916,0.5496161,,,,100.71032463934317,100.0,False,1363759689678184026,Entire rental unit,Entire home/apt,3,83.3,Kensington and Chelsea
85.0,917.6707275363864,0.36358088,170.0,1669.4984793663025,0.32735264,,,,81.92783416425425,100.0,False,21035528,Entire rental unit,Entire home/apt,3,59.8,Islington
140.0,2015.226178509848,0.4847623,198.57142857142856,2422.8039992707113,0.4067057,,,,20.22491694020396,41.836734693877546,False,46150012,Entire rental unit,Entire home/apt,2,42.7,Camden
192.0,923.6224122923247,0.16200422,190.0408163265306,923.6224122923247,0.16200422,,,,0.0,-1.0204081632653108,False,1069571724476644771,Entire rental unit,Entire home/apt,5,18.3,Croydon
91.0,1331.1047875029699,0.4926108,182.0,1912.690309882164,0.35030958,,,,43.691941298640735,100.0,False,647155978596395765,Private room in condo,Private room,2,83.3,Kensington and Chelsea
133.0,0.0,0.0,66.5,0.0,0.0,,,,0.0,-50.0,False,1465821839292780353,Private room in home,Private room,1,49.0,Lambeth
111.0,2169.5493582377626,0.658233,222.0,3667.413557767868,0.5506627,55.5,72.48979591836735,1631.2140632162289,69.04033751722339,100.0,True,968692310272876480,Entire condo,Entire home/apt,4,49.0,Lambeth
100.0,1570.3966994674838,0.5288621,187.75510204081633,2335.8590505561046,0.4146996,,,,48.74324757229728,87.75510204081633,False,17286951,Private room in home,Private room,2,42.7,Camden
127.0,1798.0726247600148,0.47680038,254.0,2801.9903522729874,0.36771527,,,,55.83299104211452,100.0,False,1130565235752392348,Entire guesthouse,Entire home/apt,2,30.2,Barnet
95.0,1060.5846467522942,0.3759714,166.73469387755102,1659.7990039660006,0.33182436,,,,56.498494396332354,75.51020408163266,False,1263725061041307078,Private room in rental unit,Private room,2,57.3,Westminster
40.0,614.2598514654198,0.51716036,80.0,948.7098455429077,0.39529577,,,,54.447640242089946,100.0,False,965935623878367796,Private room in home,Private room,2,41.2,Newham
115.0,1089.4636151133752,0.3190421,187.75510204081633,1510.1261674141397,0.2681021,,,,38.611895474543964,63.26530612244898,False,1084075504414056377,Entire rental unit,Entire home/apt,2,75.0,Hackney
32.0,340.18374696069833,0.35801125,64.0,452.0536422729492,0.2354446,,,,32.88513819714476,100.0,False,618628833076525813,Private room in condo,Private room,1,46.1,Tower Hamlets
145.0,1596.2157042050849,0.3707291,290.0,2265.194249153137,0.26036716,,,,41.91028463043493,100.0,False,1190786748255125455,Entire home,Entire home/apt,7,38.4,Lewisham
174.0,1750.9956083674822,0.3388979,348.0,3032.313938140869,0.29045153,,,,73.17655873323447,100.0,False,1368874100565742064,Entire home,Entire home/apt,9,45.0,Ealing
90.0,1592.2174981662206,0.5957897,152.44897959183675,2379.1719970654467,0.52021164,,,,49.425062832532156,69.38775510204083,False,719943475907980806,Private room in condo,Private room,2,50.8,Southwark
50.0,773.2882086111575,0.52084017,100.0,1316.5731132030487,0.4388577,,,,70.256457882326,100.0,False,32548873,Private room in rental unit,Private room,2,72.6,Hammersmith and Fulham
4750.0,29589.45662809574,0.20978598,9500.0,59789.005145430565,0.20978598,,,,102.06185567010309,100.0,False,755811613545013317,Entire condo,Entire home/apt,5,59.1,Greenwich
131.0,1213.2041840924294,0.31188586,169.76530612244898,1501.1820744555823,0.29475635,,,,23.73696811626006,29.591836734693878,False,31406844,Entire rental unit,Entire home/apt,3,42.7,Camden
61.0,969.7861196374406,0.53540105,122.0,1763.1483221054077,0.4817345,30.5,32.36734693877551,740.634964096303,81.80795604339744,100.0,True,14622450,Private room in rental unit,Private room,2,50.8,Southwark
161.0,2907.6088373575894,0.6081955,307.2142857142857,4320.648881218263,0.4687986,,,,48.59801035495658,90.81632653061224,False,1018286932408750636,Entire condo,Entire home/apt,4,49.0,Lambeth
514.0,6883.532114205312,0.45100495,1028.0,13908.992725610733,0.45100495,,,,102.06185567010309,100.0,False,1272245159535041327,Entire rental unit,Entire home/apt,4,83.3,Kensington and Chelsea
41.0,358.8996577262878,0.29479647,24.26530612244898,443.58546181600923,0.60935485,,,,23.595955656861186,-40.816326530612244,False,1415136977737447996,Private room in rental unit,Private room,1,26.9,Sutton
429.0,5424.077754522465,0.42579612,858.0,9985.2439391613,0.38792711,,,,84.09109144565352,100.0,False,1212321241126550948,Entire rental unit,Entire home/apt,5,57.3,Westminster
239.0,3171.509785278111,0.44689062,478.0,4415.660110116005,0.3079261,,,,39.2289606235219,100.0,False,836326048391132304,Entire condo,Entire home/apt,3,59.8,Islington
186.0,2864.8020011551525,0.5186982,372.0,5161.655720472336,0.46251395,,,,80.17495514143876,100.0,False,928061318935228385,Entire serviced apartment,Entire home/apt,7,49.0,Lambeth
59.0,529.5660437917222,0.3022743,118.0,984.9905776977539,0.27824593,,,,85.99957252643443,100.0,False,1031294943568571435,Private room in rental unit,Private room,2,47.7,Brent
310.0,4679.762161082152,0.50838786,620.0,8716.954547166824,0.46865347,,,,86.26917879841803,100.0,False,1354487511556592405,Entire rental unit,Entire home/apt,4,57.3,Westminster
304.0,2659.7769136818088,0.29464883,608.0,4459.098014831543,0.2444681,,,,67.64932396751333,100.0,False,838317409091541299,Entire condo,Entire home/apt,5,46.1,Tower Hamlets
410.0,1482.1889479549566,0.12174547,280.3061224489796,2376.9887895912543,0.28266582,,,,60.37016015204362,-31.63265306122449,False,1115906690369984552,Entire rental unit,Entire home/apt,6,75.0,Hackney
75.0,1484.6566213028773,0.66664994,150.0,2791.222035884857,0.62027156,37.5,46.683673469387756,1074.7964780549614,88.00455242205356,100.0,True,1076656594916733436,Private room in townhouse,Private room,2,49.0,Lambeth
38.0,603.1467179497894,0.53453046,74.83673469387755,765.3374297217446,0.34089205,19.0,23.653061224489797,570.3971469888883,26.89075592142362,96.93877551020407,True,512882,Private room in home,Private room,1,20.3,Enfield
170.0,1677.09447029902,0.33223218,313.9795918367347,1999.4442366063595,0.21226902,,,,19.22072799213664,84.6938775510204,False,1092870508487255479,Entire rental unit,Entire home/apt,5,63.0,Haringey
160.0,3010.48665338633,0.63365054,320.0,5234.202575683594,0.54522943,,,,73.86566287533375,100.0,False,1179755298617406436,Entire rental unit,Entire home/apt,5,57.3,Westminster
124.0,1471.4451203175954,0.3996276,118.93877551020408,1477.6883527454065,0.41413137,,,,0.4242925775215846,-4.081632653061225,False,1402297030959768414,Entire rental unit,Entire home/apt,4,72.6,Hammersmith and Fulham
262.0,2876.3116933618276,0.36971557,507.9591836734694,4919.879378469624,0.32285267,,,,71.04820002032804,93.87755102040816,False,1330539488480470376,Entire condo,Entire home/apt,7,57.3,Westminster
62.0,1043.3777777516113,0.56673884,122.10204081632654,1783.125858416363,0.4867857,31.0,31.0,698.4872496128082,70.89935174379931,96.9387755102041,True,7696395,Private room in rental unit,Private room,2,72.6,Hammersmith and Fulham
295.0,4076.0238678935843,0.4653158,590.0,7254.351353645325,0.40985036,,,,77.9761745456668,100.0,False,1383406552678207969,Entire rental unit,Entire home/apt,4,57.3,Westminster
279.0,429.61971308199725,0.05185768,233.44897959183675,625.3720844886741,0.08929461,,,,45.56410365865021,-16.326530612244895,False,1360842584726282219,Room in hotel,Private room,2,38.3,Waltham Forest
74.0,870.1684394782903,0.39600867,148.0,1405.122685432434,0.31646907,,,,61.47709129451715,100.0,False,52869161,Private room in rental unit,Private room,1,46.1,Tower Hamlets
381.0,7305.695144972023,0.6457578,762.0,14275.949560403824,0.62449473,,,,95.40850360049473,100.0,False,1035428732263352186,Entire rental unit,Entire home/apt,4,75.0,Hackney
215.0,3003.0034040918154,0.47038174,430.0,5022.746828198433,0.38936022,,,,67.25744703967258,100.0,False,944325409765735913,Entire condo,Entire home/apt,2,57.3,Westminster
180.0,2291.872581839562,0.42879632,360.0,4104.47952747345,0.3800444,,,,79.08846940256193,100.0,False,1447815098543462592,Entire rental unit,Entire home/apt,4,57.3,Westminster
832.0,0.0,0.0,416.0,0.0,0.0,,,,0.0,-50.0,False,1418272663225802835,Entire rental unit,Entire home/apt,2,57.3,Westminster
54.0,857.3281169180966,0.5346707,104.6938775510204,1245.548466821106,0.3965684,,,,45.28258693982592,93.87755102040816,False,7386781,Private room in rental unit,Private room,2,46.1,Tower Hamlets
153.0,2332.1102377893976,0.513323,306.0,3693.4067380428314,0.4023319,,,,58.37187617442149,100.0,False,1303874858547218598,Entire rental unit,Entire home/apt,4,41.2,Newham
255.0,3795.157867031438,0.5012135,510.0,6209.1528832912445,0.405827,,,,63.607235873643035,100.0,False,1399437128732560965,Entire rental unit,Entire home/apt,4,83.3,Kensington and Chelsea
500.0,9812.412584314541,0.66090477,984.6938775510204,18914.121203884788,0.64027077,,,,92.75709252299096,96.93877551020408,False,1142651129466394184,Room in hotel,Private room,2,83.3,Kensington and Chelsea
32.0,411.64574058688413,0.43321824,28.73469387755102,449.1010922801738,0.5209743,,,,9.098928520404344,-10.204081632653061,False,1132118315402812680,Private room in home,Private room,1,20.3,Enfield
72.0,1360.30193041782,0.6362619,144.0,2418.7012481689453,0.55988455,36.0,38.20408163265306,864.5013065727388,77.80620567273881,100.0,True,1492276769826245234,Private room in rental unit,Private room,2,49.0,Lambeth
105.0,1898.2482318367277,0.60883105,210.0,2862.407970428467,0.45435047,52.5,52.5,1185.723066329956,50.792078845179645,100.0,True,1369728557320392918,Entire condo,Entire home/apt,2,63.0,Haringey
199.0,2397.4163718004615,0.40571725,398.0,3855.4722261428833,0.32290387,,,,60.8177983387767,100.0,False,1293279019339712571,Entire rental unit,Entire home/apt,7,46.1,Tower Hamlets
139.0,2142.0296296659776,0.5189718,269.48979591836735,3880.5023853267944,0.47998136,,,,81.16007041097323,93.87755102040816,False,1328281674026967810,Entire rental unit,Entire home/apt,4,45.0,Ealing
112.0,1979.185846873692,0.595116,224.0,3238.0974769592285,0.48185974,,,,63.607550148668665,100.0,False,789600860954817809,Entire condo,Entire home/apt,4,38.3,Waltham Forest
304.0,4392.640065368341,0.48661458,598.6938775510204,5134.864581555737,0.2858926,,,,16.8970028306919,96.93877551020407,False,1455035684165983418,Entire home,Entire home/apt,5,75.0,Hackney
60.0,415.95545310755165,0.2334687,120.0,736.1830651760101,0.2044953,,,,76.98603532567675,100.0,False,756684184384694321,Private room in condo,Private room,1,45.0,Ealing
253.0,3223.6531576179727,0.42910233,289.1428571428571,3675.6146805627004,0.42373687,,,,14.020165968434764,14.285714285714274,False,846552579032135230,Entire condo,Entire home/apt,5,83.3,Kensington and Chelsea
181.0,1935.889152069481,0.36019278,362.0,2813.714232444763,0.2590897,,,,45.34480083412215,100.0,False,54365175,Private room in bed and breakfast,Private room,2,42.7,Camden
65.0,136.31565625570258,0.07062614,32.5,356.1855733394623,0.36531854,,,,161.29469139724128,-50.0,False,1215177505863366060,Private room in home,Private room,3,18.3,Croydon
50.0,235.33232145163478,0.15850562,43.36734693877551,246.2236663060529,0.18925427,,,,4.628070121110201,-13.265306122448974,False,1462426634075587805,Private room in rental unit,Private room,1,57.3,Westminster
350.0,0.0,0.0,207.14285714285714,903.2987122024808,0.14535841,,,,0.0,-40.816326530612244,False,1110282319862584097,Entire rental unit,Entire home/apt,2,57.3,Westminster
203.0,2325.0229286083154,0.385713,406.0,4007.1066999435425,0.3289907,,,,72.34697562066921,100.0,False,747512626098257266,Entire rental unit,Entire home/apt,2,42.7,Camden
91.0,1139.9075698001043,0.42185318,182.0,1751.15993142128,0.32072526,,,,53.62297591622851,100.0,False,764384024215885352,Private room in condo,Private room,2,75.0,Hackney
257.0,5557.335443594017,0.72822666,514.0,8596.824703216553,0.5575113,128.5,215.0408163265306,4858.833459494065,54.693284047234854,100.0,True,738352853664756114,Entire townhouse,Entire home/apt,6,59.8,Islington
53.0,0.0,0.0,29.744897959183675,244.96791475281424,0.27452093,,,,0.0,-43.87755102040816,False,1273654213986198037,Private room in rental unit,Private room,1,38.4,Lewisham
424.0,4726.993813028141,0.37545013,848.0,7614.223465919495,0.29930124,,,,61.079615651998864,100.0,False,1496950080151618983,Entire rental unit,Entire home/apt,6,57.3,Westminster
80.0,640.8960335108699,0.269793,118.36734693877551,683.5867567938202,0.19250432,,,,6.661099624706333,47.95918367346939,False,1302738631183954332,Private room in rental unit,Private room,3,45.0,Ealing
55.0,747.4222397621797,0.4576531,64.5408163265306,851.6610993110403,0.4398566,,,,13.946448741213269,17.346938775510186,False,35283149,Entire loft,Entire home/apt,2,83.3,Kensington and Chelsea
123.0,2004.673777192223,0.54887277,246.0,3096.092941761017,0.4195248,,,,54.44372929831268,100.0,False,1172427861083103108,Entire rental unit,Entire home/apt,4,83.3,Kensington and Chelsea
246.0,6516.297798375694,0.89206994,469.40816326530614,9689.445170212766,0.6880611,123.0,394.1020408163265,9545.241830567924,48.69555489971679,90.81632653061226,True,1242706551694635135,Entire rental unit,Entire home/apt,2,19.0,City of London
72.0,1038.6946691298972,0.48583466,135.18367346938774,1703.6700550390747,0.42008772,,,,64.0202944784746,87.75510204081631,False,33315498,Private room in condo,Private room,2,46.1,Tower Hamlets
82.0,870.8471615947021,0.35765243,164.0,1597.5003826618195,0.3246952,,,,83.44210707840676,100.0,False,897209268225233631,Entire rental unit,Entire home/apt,4,50.8,Southwark
131.0,1609.961480142511,0.4138827,262.0,2160.3044539690018,0.2748479,,,,34.183611261169766,100.0,False,969600261904402592,Entire rental unit,Entire home/apt,3,38.3,Waltham Forest
207.0,2310.934311118053,0.37596753,414.0,3700.040779709816,0.2979099,,,,60.11016678010635,100.0,False,1003541226890161530,Entire rental unit,Entire home/apt,6,30.2,Barnet
72.0,1112.547547525289,0.5203783,144.0,2105.210452079773,0.48731723,,,,89.22431286307967,100.0,False,1449817397988935604,Room in hotel,Private room,2,57.3,Westminster
169.0,2510.89143115647,0.5003505,332.8265306122449,3972.7171518820883,0.39787665,,,,58.219391829790446,96.93877551020407,False,1431813286895437833,Entire home,Entire home/apt,6,50.8,Southwark
162.0,2124.517497481132,0.44165015,170.26530612244898,2188.2590506758006,0.42840183,,,,3.0002837477329196,5.102040816326529,False,1502624678043578140,Entire rental unit,Entire home/apt,4,57.3,Westminster
62.0,851.7237878271512,0.4626368,124.0,1140.3925931453705,0.30655715,,,,33.89230281505319,100.0,False,1150099294842495569,Entire guest suite,Entire home/apt,2,42.4,Hounslow
144.0,2677.233552640798,0.62611896,283.59183673469386,3326.9141148061167,0.39104488,,,,24.26686164621238,96.93877551020407,False,21940143,Entire rental unit,Entire home/apt,3,57.3,Westminster
134.0,2176.417132543058,0.5469787,268.0,3676.009647846222,0.45721513,,,,68.90188892930415,100.0,False,1038514389495657794,Entire rental unit,Entire home/apt,4,50.8,Southwark
145.0,1695.3746511011707,0.39375925,290.0,3266.9668793678284,0.37551343,,,,92.69881599597383,100.0,False,1129004461530684457,Room in boutique hotel,Private room,1,72.6,Hammersmith and Fulham
180.0,1979.2715981906777,0.37031046,360.0,2573.21959733963,0.23826107,,,,30.008413180480204,100.0,False,1137877491257272303,Entire rental unit,Entire home/apt,6,59.1,Greenwich
120.0,1021.9323733631445,0.2867966,133.46938775510205,1066.7412028020742,0.26641345,,,,4.3847157215956845,11.224489795918373,False,652964465007535825,Private room in condo,Private room,2,46.1,Tower Hamlets
42.0,371.5976985863277,0.2979592,84.0,583.0647969245911,0.23137492,,,,56.907537141039754,100.0,False,1065793207081499828,Shared room in hotel,Shared room,1,83.3,Kensington and Chelsea
41.0,516.6737023056769,0.42439044,82.0,824.6255332231522,0.33521363,,,,59.60276854487232,100.0,False,1266547023350235538,Private room in home,Private room,2,46.1,Tower Hamlets
90.0,986.5122741886548,0.36914167,105.61224489795919,1151.9056738031154,0.36356443,,,,16.76546799688695,17.346938775510207,False,948557406404154440,Entire rental unit,Entire home/apt,4,45.0,Ealing
270.0,2615.7745005828997,0.32626435,540.0,3915.775018930435,0.2417145,,,,49.698493431212945,100.0,False,1002864073568056903,Entire home,Entire home/apt,12,26.1,Hillingdon
230.0,2499.36883996944,0.36596167,460.0,4253.17565202713,0.30820113,,,,70.16998787898522,100.0,False,983133358591647902,Entire rental unit,Entire home/apt,6,83.3,Kensington and Chelsea
37.0,398.02396600951954,0.36227685,30.95918367346939,476.3711134146671,0.5129023,,,,19.68402762040558,-16.32653061224489,False,811285673657878205,Private room in home,Private room,2,22.8,Harrow
81.0,327.0623273356837,0.13598111,42.97959183673469,547.4401550633567,0.42457372,,,,67.38098805903928,-46.93877551020408,False,15293002,Private room in rental unit,Private room,1,32.4,Merton
109.0,2108.2525133356758,0.6513722,218.0,3520.313844680786,0.5382743,54.5,67.84693877551021,1564.9295690351605,66.97780851265051,100.0,True,1482627340414506755,Entire home,Entire home/apt,6,75.0,Hackney
163.0,2243.349325681219,0.46349216,326.0,3946.764167547226,0.40355462,,,,75.93176962525644,100.0,False,1239602461003520443,Entire rental unit,Entire home/apt,4,42.7,Camden
203.0,708.2980482918877,0.11750412,132.57142857142858,1053.5824748447965,0.2649094,,,,48.74846505444811,-34.6938775510204,False,863156859636596273,Entire condo,Entire home/apt,3,41.2,Newham
105.0,1093.8210607639382,0.35082462,187.5,1486.642174422741,0.26429194,,,,35.912740003785586,78.57142857142857,False,42833921,Private room in home,Private room,4,20.3,Enfield
135.0,2210.9717894269493,0.551547,270.0,3285.490447282791,0.4056161,,,,48.59938344732752,100.0,False,1262761541548350996,Entire rental unit,Entire home/apt,3,83.3,Kensington and Chelsea
260.0,3382.093693468036,0.43807188,520.0,6192.535865306854,0.39695743,,,,83.09770297809108,100.0,False,550659377932638515,Entire serviced apartment,Entire home/apt,3,83.3,Kensington and Chelsea
174.0,1707.7290353726366,0.33052385,348.0,2479.014907479286,0.23745354,,,,45.164417546976374,100.0,False,1385723670826980696,Entire home,Entire home/apt,6,15.8,Barking and Dagenham
164.0,2282.7682131893775,0.46876055,322.9795918367347,4046.5069794168276,0.41762257,,,,77.26315602420432,96.9387755102041,False,48927954,Entire condo,Entire home/apt,6,32.4,Merton
133.0,240.61508487377847,0.06092623,90.92857142857143,540.0120177013533,0.19796199,,,,124.42982657742847,-31.632653061224485,False,1060954438344144962,Private room in rental unit,Private room,2,83.3,Kensington and Chelsea
113.0,1557.5715360410359,0.46419734,194.8673469387755,2193.93056136613,0.37528616,56.5,66.87755102040816,1529.9039589628883,40.855845821538466,72.44897959183673,True,1501453895091233694,Entire rental unit,Entire home/apt,2,75.0,Hackney
184.0,2810.307193191684,0.5143622,328.57142857142856,4057.214626244136,0.41160148,,,,44.36907951106696,78.57142857142856,False,928063371570390360,Entire rental unit,Entire home/apt,6,50.8,Southwark
68.0,1139.310170728333,0.56424296,136.0,2196.101703643799,0.5382602,,,,92.7571402474082,100.0,False,1029769912904314230,Private room in rental unit,Private room,2,75.0,Hackney
54.0,928.8463081875626,0.57927287,108.0,1318.4448945522308,0.40692744,27.0,28.653061224489797,680.7418576065375,41.9443542952637,100.0,True,1141315853295755240,Private room in home,Private room,1,75.0,Hackney
108.0,2145.5820562888166,0.66904366,199.46938775510205,2535.353584703134,0.423683,54.0,70.53061224489795,1630.3983572551183,18.166237328088943,84.6938775510204,True,1205922375551080495,Entire rental unit,Entire home/apt,2,49.0,Lambeth
304.0,4276.980841208478,0.4738019,598.6938775510204,6956.414981180307,0.38731062,,,,62.64779383988882,96.93877551020407,False,1308036683584840003,Entire home,Entire home/apt,6,72.6,Hammersmith and Fulham
76.0,932.5638658294873,0.41323593,152.0,1653.6255955696106,0.3626372,,,,77.3203590832635,100.0,False,53412227,Entire rental unit,Entire home/apt,2,46.1,Tower Hamlets
74.0,1144.6982383606385,0.5209456,148.0,1932.4384760856628,0.4352339,,,,68.81641041513038,100.0,False,1335005101186675185,Private room in home,Private room,2,63.0,Haringey
45.0,373.27094306142965,0.27934748,25.255102040816325,506.69975882890276,0.66877544,,,,35.74583509585276,-43.87755102040817,False,1181034765044626783,Private room in rental unit,Private room,1,32.4,Merton
298.0,2423.389810323715,0.27386725,596.0,3738.4044098854065,0.20908302,,,,54.26343685855608,100.0,False,52590280,Private room in townhouse,Private room,1,57.3,Westminster
156.0,2341.3030710025714,0.50543594,307.2244897959184,3389.250819318149,0.36772794,,,,44.759166862871574,96.9387755102041,False,1194143175500966731,Entire rental unit,Entire home/apt,4,83.3,Kensington and Chelsea
100.0,1537.9885422940158,0.51794803,196.93877551020407,2816.8681826518505,0.47677562,,,,83.15274172656044,96.93877551020407,False,1440534009918650018,Entire condo,Entire home/apt,4,46.1,Tower Hamlets
186.0,2628.312383823249,0.47587964,372.0,3216.496489048004,0.28821653,,,,22.378774640522707,100.0,False,3324001,Private room in rental unit,Private room,2,59.8,Islington
33.0,420.7255732100837,0.42935652,49.836734693877546,495.54851984491154,0.33144796,,,,17.784263995159137,51.02040816326529,False,1392042371744588047,Private room in home,Private room,1,41.2,Newham
212.0,3779.304048504148,0.6003563,424.0,5863.225836753845,0.46094543,,,,55.14035815865399,100.0,False,1066538283324197382,Entire condo,Entire home/apt,4,59.8,Islington
184.0,2970.524904290024,0.5436864,368.0,4688.941583633423,0.42472297,,,,57.84892349704478,100.0,False,1358851543506280784,Entire rental unit,Entire home/apt,3,42.7,Camden
111.0,2000.0199443710094,0.6067984,215.20408163265307,2360.752737339662,0.36566108,55.5,69.09183673469389,1592.501993617233,18.036459785509802,93.87755102040816,True,1073031132561619183,Entire rental unit,Entire home/apt,2,38.4,Lewisham
123.0,2382.1762105822563,0.65223163,246.0,3663.501491546631,0.49640942,61.5,76.56122448979592,1723.475385959051,53.788014306934514,100.0,True,970955074982256451,Entire rental unit,Entire home/apt,4,77.8,Wandsworth
240.0,2708.963217783947,0.3801237,318.36734693877554,3555.835495189745,0.37229902,,,,31.261859586952134,32.65306122448981,False,893437515896273133,Entire rental unit,Entire home/apt,7,57.3,Westminster
179.0,2586.6869414795424,0.48665807,358.0,3400.6437116861343,0.3166335,,,,31.46715426417323,100.0,False,1133130215558033795,Entire condo,Entire home/apt,4,50.8,Southwark
145.0,2036.7119939807726,0.47303656,290.0,3205.089658498764,0.3684011,,,,57.36587538989184,100.0,False,1264238852748011105,Entire rental unit,Entire home/apt,2,72.6,Hammersmith and Fulham
87.0,1413.1588882268693,0.54702204,174.0,2517.5108617544174,0.48228177,,,,78.14775696689068,100.0,False,1503574906747291939,Entire rental unit,Entire home/apt,4,72.6,Hammersmith and Fulham
36.0,564.273654830699,0.52786195,38.93877551020408,611.836171636776,0.5237591,18.0,19.10204081632653,440.81097174663927,8.428980583959284,8.16326530612245,True,1501964465390652662,Private room in rental unit,Private room,1,20.3,Enfield
95.0,305.4192887277019,0.10826945,64.94897959183673,435.6113826133767,0.22356594,,,,42.62733189774017,-31.63265306122449,False,808059851630058552,Entire home,Entire home/apt,1,19.4,Bexley
56.0,418.6210022653852,0.25174803,31.428571428571427,549.940242086138,0.58326995,,,,31.369481968203516,-43.87755102040817,False,921657384636538487,Private room in home,Private room,2,26.9,Sutton
105.0,1381.5675827009336,0.44311446,210.0,2226.6373693943024,0.3534345,,,,61.16745914385717,100.0,False,1193152937490798049,Entire rental unit,Entire home/apt,7,18.3,Croydon
60.0,763.2361011845725,0.4283914,120.0,1108.3162307739258,0.30786562,,,,45.212763003974175,100.0,False,1466548085172567290,Entire rental unit,Entire home/apt,2,38.3,Waltham Forest
161.0,1477.3489268124104,0.30902264,312.14285714285717,2285.1415144545695,0.24402732,,,,54.67852400888707,93.87755102040818,False,967854328084042418,Entire rental unit,Entire home/apt,7,63.0,Haringey
66.0,358.60144402603714,0.18297897,115.83673469387755,459.1737147010102,0.13213244,,,,28.04569595310129,75.51020408163265,False,54102671,Private room in condo,Private room,1,18.3,Croydon
95.0,1432.8419588050062,0.5079346,187.09183673469389,2238.787513347913,0.39887497,,,,56.24804254162596,96.9387755102041,False,1342718925854813573,Entire rental unit,Entire home/apt,2,75.0,Hackney
116.0,1548.958002973576,0.44969156,232.0,2596.195092201233,0.37301654,,,,67.60913383172739,100.0,False,1355697078981489205,Entire rental unit,Entire home/apt,5,59.8,Islington
56.0,513.9251681736537,0.30906153,106.85714285714285,627.0587899855204,0.19560657,,,,22.013637163151984,90.81632653061223,False,1418860194596042942,Private room in home,Private room,1,77.8,Wandsworth
195.0,2792.3195907503978,0.4822404,384.03061224489795,4691.744499471115,0.40723702,,,,68.02319172248735,96.93877551020408,False,1227555781119067972,Entire rental unit,Entire home/apt,5,46.1,Tower Hamlets
40.0,304.88230318439247,0.25668785,33.46938775510204,401.06087193197135,0.39943054,,,,31.54613034047115,-16.3265306122449,False,1378230407221348319,Private room in home,Private room,2,26.1,Hillingdon
97.0,1055.0338622349866,0.36629227,194.0,1806.5122693777084,0.3103973,,,,71.2278945768421,100.0,False,1382111923083038116,Entire rental unit,Entire home/apt,3,47.7,Brent
79.0,780.6969737276739,0.33280396,158.0,1268.0940091609955,0.26753038,,,,62.431013803742175,100.0,False,1132496328364763825,Entire rental unit,Entire home/apt,2,26.1,Hillingdon
190.0,3027.3685302053177,0.5365927,374.18367346938777,3930.1820494082513,0.35011166,,,,29.821725045866955,96.9387755102041,False,1213002660715285035,Entire home,Entire home/apt,5,75.0,Hackney
73.0,749.5898950039124,0.34580714,146.0,1023.5831227898598,0.23369478,,,,36.55241747682809,100.0,False,1030335703827247779,Private room in rental unit,Private room,1,77.8,Wandsworth
55.0,615.5327895010005,0.37689605,37.60204081632653,838.337251848104,0.74316645,27.5,35.91836734693878,831.6663699490684,36.19700950906716,-31.63265306122449,True,1345823680420186932,Private room in rental unit,Private room,2,75.0,Hackney
323.0,6926.592928286718,0.72218794,557.0102040816327,7448.1687248482995,0.44572306,161.5,280.1530612244898,6343.106307484666,7.530048350778312,72.44897959183673,True,1017877347223068691,Entire home,Entire home/apt,6,77.8,Wandsworth
162.0,1892.286040995802,0.39337328,324.0,3094.416915178299,0.31835565,,,,63.52796818972908,100.0,False,1295595060666585264,Entire rental unit,Entire home/apt,4,46.1,Tower Hamlets
223.0,3858.271769066246,0.5826678,446.0,5610.059609413147,0.41928697,,,,45.40343307052362,100.0,False,28784768,Entire rental unit,Entire home/apt,6,77.8,Wandsworth
60.0,801.0135651242977,0.44959524,120.0,1497.5566864013672,0.41598797,,,,86.95771852115676,100.0,False,27027855,Private room in rental unit,Private room,2,42.7,Camden
360.0,4611.641049385072,0.4314059,720.0,8759.182262420654,0.4055177,,,,89.93634085178044,100.0,False,1399436872244541994,Entire rental unit,Entire home/apt,4,83.3,Kensington and Chelsea
89.0,1598.1496963999712,0.60472864,142.5816326530612,2000.6413062525035,0.46771833,44.5,52.673469387755105,1196.9046475935957,25.18485037785848,60.204081632653036,True,52583752,Entire condo,Entire home/apt,2,77.8,Wandsworth
236.0,2917.347027708073,0.41630265,472.0,5372.934679985046,0.37944454,,,,84.17194214313726,100.0,False,1130992021801373294,Entire rental unit,Entire home/apt,8,72.6,Hammersmith and Fulham
150.0,1619.156898284445,0.36352205,300.0,2686.2384974956512,0.29847094,,,,65.90353290294581,100.0,False,1329701919336973581,Entire rental unit,Entire home/apt,6,49.0,Lambeth
51.0,972.8817280214661,0.6424258,102.0,1449.279837012291,0.47362086,25.5,25.5,593.9820447564125,48.96773115059608,100.0,True,1076190919984915317,Private room in condo,Private room,1,42.7,Camden
37.0,545.3173324161647,0.4963416,67.20408163265307,709.3389819714489,0.35183328,,,,30.078202141227617,81.63265306122452,False,1485365173727998814,Private room in rental unit,Private room,1,77.8,Wandsworth
246.0,2792.553479458604,0.38229576,492.0,4252.554008960724,0.28811342,,,,52.281918331790436,100.0,False,978813269267558816,Entire rental unit,Entire home/apt,4,57.3,Westminster
54.0,516.8634879345797,0.32234073,106.34693877551021,692.7892970947587,0.21714754,,,,34.0371903349548,96.9387755102041,False,10306935,Private room in townhouse,Private room,2,77.8,Wandsworth
102.0,680.7863851226106,0.22477281,197.75510204081633,855.0217846826631,0.14412132,,,,25.593255589074758,93.87755102040816,False,624582672851017694,Entire condo,Entire home/apt,2,20.3,Enfield
392.0,3702.201179265976,0.31805852,784.0,6781.090250015259,0.28831166,,,,83.16374291036568,100.0,False,910007566752592234,Room in hotel,Private room,2,83.3,Kensington and Chelsea
145.0,1738.591257361125,0.40379652,290.0,2958.9663684368134,0.34011108,,,,70.193330715812,100.0,False,1345541579406433270,Entire rental unit,Entire home/apt,4,59.1,Greenwich
156.0,2224.470368830526,0.48021433,297.6734693877551,3112.004846991325,0.34848082,,,,39.89868737282412,90.81632653061226,False,1507272603136917292,Entire rental unit,Entire home/apt,4,46.1,Tower Hamlets
148.0,1362.7207865763685,0.3100832,277.8775510204082,1822.7446139588649,0.21865082,,,,33.7577464080692,87.75510204081634,False,54157460,Entire condo,Entire home/apt,4,18.3,Croydon
317.0,2820.6746990948304,0.29965866,634.0,4526.2850922346115,0.23797503,,,,60.46817074252201,100.0,False,943189422265467446,Entire rental unit,Entire home/apt,4,42.7,Camden
117.0,1467.3479436307537,0.42235762,201.76530612244898,1845.483880277191,0.30488953,,,,25.77002532274596,72.44897959183673,False,1305136966927531351,Entire rental unit,Entire home/apt,3,15.8,Barking and Dagenham
80.0,143.20579669913468,0.060284227,42.44897959183673,413.5135348962277,0.32471415,,,,188.75474626560725,-46.93877551020408,False,1354263155767739418,Private room in rental unit,Private room,1,38.3,Waltham Forest
54.0,813.5673561631417,0.5073794,106.34693877551021,1193.158973047928,0.37398317,,,,46.657675484298586,96.9387755102041,False,544056649068032029,Private room in townhouse,Private room,1,41.2,Newham
49.0,599.740295112133,0.41219264,39.5,709.429042339325,0.5986743,,,,18.289374271022343,-19.387755102040817,False,1483298653791602815,Private room in rental unit,Private room,2,46.1,Tower Hamlets
59.0,358.5486020999295,0.20465818,31.306122448979593,484.73143713814875,0.51611996,,,,35.19267242967842,-46.93877551020408,False,1283560462108629368,Private room in home,Private room,2,59.1,Greenwich
82.0,394.8332064066614,0.16215596,146.42857142857144,590.1874346392495,0.13435161,,,,49.477659189430376,78.5714285714286,False,1441944754051866760,Private room in home,Private room,1,32.4,Merton
70.0,1180.0238907337186,0.5677091,140.0,1990.2064740657806,0.47385868,,,,68.65815088102194,100.0,False,1162250305862076253,Entire rental unit,Entire home/apt,2,75.0,Hackney
216.0,3268.3444493644092,0.5095739,432.0,4946.805853843689,0.38169798,,,,51.35509523195109,100.0,False,872367198894834896,Entire rental unit,Entire home/apt,4,42.7,Camden
31.0,525.8577692387056,0.5712677,62.0,663.1370615959167,0.3565253,,,,26.10578380461185,100.0,False,8322683,Private room in home,Private room,1,47.7,Brent
147.0,1643.6919562518597,0.37656173,294.0,2708.779170513153,0.30711782,,,,64.79846848493625,100.0,False,1024014890065935220,Entire rental unit,Entire home/apt,4,30.2,Barnet
443.0,6105.004324021997,0.46410403,886.0,11832.468493580818,0.44516435,,,,93.81589046583262,100.0,False,1116472645990446519,Entire townhouse,Entire home/apt,4,57.3,Westminster
188.0,3605.078972164465,0.6457881,376.0,5515.763261318207,0.4889861,,,,52.999790126832636,100.0,False,39582001,Entire condo,Entire home/apt,5,83.3,Kensington and Chelsea
49.0,93.62280204892159,0.06434557,27.5,284.2858962714672,0.34458897,,,,203.6502754135864,-43.87755102040816,False,864578923978183308,Private room in home,Private room,2,42.4,Hounslow
54.0,614.4962366077364,0.38322917,104.6938775510204,1003.8434189193104,0.31961226,,,,63.360385160521936,93.87755102040816,False,32667979,Private room in rental unit,Private room,2,38.3,Waltham Forest
169.0,2722.453891075387,0.54250896,332.8265306122449,4539.601893817283,0.45465145,,,,66.74669527732976,96.93877551020407,False,1137165328031971348,Entire guesthouse,Entire home/apt,6,59.8,Islington
150.0,0.0,0.0,75.0,6.260812282562256,0.0027825832,,,,0.0,-50.0,False,892567435923432282,Private room in home,Private room,1,49.0,Lambeth
68.0,1132.2664071102533,0.56075454,133.9183673469388,2015.2432123252324,0.50160986,34.0,34.0,766.7948412895203,77.98313185573474,96.93877551020411,True,1327553151530127503,Private room in home,Private room,4,59.8,Islington
180.0,2297.039802220403,0.42976308,360.0,3175.7062911987305,0.29404688,,,,38.252122933567634,100.0,False,686115045836507814,Entire rental unit,Entire home/apt,6,50.8,Southwark
135.0,1298.3165670414362,0.32387686,241.07142857142858,1955.7463537369456,0.2704242,,,,50.63709447947969,78.57142857142858,False,926030597321011944,Entire rental unit,Entire home/apt,2,30.2,Barnet
150.0,1349.3237866430868,0.30294096,249.48979591836735,1772.3263257316182,0.23679343,,,,31.349224202212994,66.32653061224491,False,42508198,Entire guest suite,Entire home/apt,2,26.8,Kingston upon Thames
114.0,1697.7473484496682,0.50153506,228.0,2979.610698223114,0.4356156,,,,75.50377569100638,100.0,False,42662396,Entire rental unit,Entire home/apt,4,47.7,Brent
245.0,2987.8203369677067,0.41069695,490.0,4293.733495473862,0.2920907,,,,43.70788773168022,100.0,False,1294980187656468081,Entire rental unit,Entire home/apt,4,83.3,Kensington and Chelsea
320.0,3312.5923837934224,0.34861904,640.0,5540.8538818359375,0.28858614,,,,67.26639561643913,100.0,False,1497228912235523222,Entire rental unit,Entire home/apt,8,75.0,Hackney
160.0,1179.7558935321106,0.24831632,320.0,1587.163782119751,0.16532956,,,,34.53323613988385,100.0,False,1345760903642524943,Entire rental unit,Entire home/apt,2,77.8,Wandsworth
369.0,4916.93766151764,0.44874686,738.0,9086.602478027344,0.41041565,,,,84.8020679445164,100.0,False,552628744917645939,Entire condo,Entire home/apt,4,57.3,Westminster
99.0,1249.4362535494931,0.42502257,198.0,2025.5310934782028,0.3409985,,,,62.11560115403413,100.0,False,1462266264235166244,Entire rental unit,Entire home/apt,3,42.7,Camden
101.0,1099.4189253206157,0.3665852,198.90816326530611,1575.073261409998,0.26395318,,,,43.264157559473574,96.93877551020408,False,1269757270596753149,Entire guesthouse,Entire home/apt,1,38.3,Waltham Forest
37.0,628.3964613749057,0.57195926,74.0,939.2621397972107,0.42309105,18.5,24.163265306122447,561.9596999032157,49.46967361053301,100.0,True,10870435,Private room in rental unit,Private room,1,49.0,Lambeth
66.0,414.05888353075295,0.21127653,47.14285714285714,468.2361360107149,0.33107606,,,,13.084431860991122,-28.571428571428577,False,1338271631528766394,Entire rental unit,Entire home/apt,2,15.1,Redbridge
179.0,2383.9984871295032,0.44852436,358.0,3864.9274796247482,0.3598629,,,,62.1195441394086,100.0,False,710111220395757489,Entire rental unit,Entire home/apt,2,57.3,Westminster
148.0,2191.2106347084045,0.4986037,259.7551020408163,3048.946222383149,0.39125907,74.0,83.06122448979592,1921.795835786936,39.14436951374542,75.51020408163265,True,18976813,Entire condo,Entire home/apt,4,46.1,Tower Hamlets
33.0,482.8414962851271,0.4927467,43.77551020408163,531.4189152754082,0.40465465,,,,10.060738226524581,32.653061224489775,False,1100532338042576722,Private room in rental unit,Private room,1,38.4,Lewisham
720.0,5753.751743083098,0.26912355,1440.0,9137.078261375427,0.21150644,,,,58.802094170288335,100.0,False,1330936720590391442,Entire home,Entire home/apt,8,72.6,Hammersmith and Fulham
71.0,579.5100859993574,0.2748753,142.0,1048.7115561962128,0.24617642,,,,80.96519483137617,100.0,False,1141459218256447616,Entire rental unit,Entire home/apt,2,30.2,Barnet
105.0,944.5790571825845,0.30295777,197.14285714285714,1470.0580090284348,0.24856053,,,,55.6310186902944,87.75510204081633,False,925450096250974582,Entire cabin,Entire home/apt,2,15.1,Redbridge
260.0,2569.149828139617,0.33277383,520.0,4521.869623661041,0.28986344,,,,76.0064584063373,100.0,False,43995120,Entire serviced apartment,Entire home/apt,6,42.7,Camden
82.0,1390.6064989372176,0.5711149,153.9591836734694,2200.3683546124676,0.47639647,,,,58.23084073705373,87.75510204081634,False,1034220452535416176,Private room in rental unit,Private room,2,77.8,Wandsworth
198.0,2471.726114451885,0.42040536,377.8163265306123,3500.93642003074,0.30887464,,,,41.639334534728015,90.81632653061227,False,1381763159991058902,Entire home,Entire home/apt,6,26.8,Kingston upon Thames
39.0,319.5146902179232,0.27590483,33.826530612244895,404.3751800394788,0.3984793,,,,26.559182541396435,-13.265306122448989,False,1308747797791911974,Private room in home,Private room,2,23.8,Havering
60.0,826.9850107480067,0.46417257,120.0,1458.0620169639587,0.40501723,,,,76.31057371223014,100.0,False,50467937,Private room in rental unit,Private room,2,75.0,Hackney
60.0,691.770050963577,0.38827872,120.0,813.8413310050964,0.22606704,,,,17.646222161755126,100.0,False,1284227904633904848,Private room in home,Private room,4,15.1,Redbridge
39.0,444.86404062837977,0.38414553,76.8061224489796,722.4921623541385,0.31355667,,,,62.40740908921369,96.9387755102041,False,930291601512375468,Private room in home,Private room,3,41.2,Newham
38.0,498.19201564302256,0.4415158,76.0,641.2991952896118,0.28127158,,,,28.72530573615859,100.0,False,661884048048727976,Private room in bed and breakfast,Private room,2,38.3,Waltham Forest
321.0,3876.0811140768383,0.40665013,642.0,7213.234035372734,0.3745189,,,,86.09605483167762,100.0,False,650378103774063935,Entire condo,Entire home/apt,3,83.3,Kensington and Chelsea
189.0,1349.6289697395903,0.24048372,135.0,1481.67295306921,0.36584517,,,,9.783724733998378,-28.57142857142857,False,970402229740246371,Entire rental unit,Entire home/apt,4,50.8,Southwark
250.0,2334.0192125463973,0.31441084,500.0,3577.2380232810974,0.23848253,,,,53.26514897785943,100.0,False,47738164,Entire rental unit,Entire home/apt,4,38.4,Lewisham
118.0,1663.8081063786328,0.47484767,236.0,2496.903065443039,0.35266992,,,,50.071577117007905,100.0,False,1004443066900080302,Entire rental unit,Entire home/apt,2,83.3,Kensington and Chelsea
110.0,2051.4840299985844,0.6280707,199.79591836734693,2866.567454411059,0.47824925,55.0,78.57142857142857,1783.0420221601212,39.73140480226097,81.63265306122447,True,1015806,Entire home,Entire home/apt,3,50.8,Southwark
222.0,1900.7239174903655,0.2883362,444.0,2398.3336901664734,0.18005508,,,,26.180013209552843,100.0,False,720273019831403671,Entire condo,Entire home/apt,8,15.1,Redbridge
81.0,433.4880837509219,0.18022923,47.93877551020408,589.8286197380144,0.41012633,,,,36.06570557471754,-40.816326530612244,False,1303724010499301957,Private room in rental unit,Private room,2,42.7,Camden
240.0,2308.3897722010706,0.32391495,480.0,3448.543381690979,0.23948218,,,,49.39172852090579,100.0,False,1404583190064226670,Entire rental unit,Entire home/apt,5,59.1,Greenwich
72.0,1015.2941488733096,0.4748894,144.0,1783.0128192901611,0.41273445,,,,75.61539394950742,100.0,False,1358724377708177966,Private room in rental unit,Private room,2,47.7,Brent
219.0,3033.4239563558785,0.46646824,438.0,5309.286999106407,0.40405533,,,,75.02621049662227,100.0,False,962379056138670321,Entire rental unit,Entire home/apt,6,57.3,Westminster
92.0,1354.7711775497514,0.49591953,169.9183673469388,1927.266950996555,0.37807703,,,,42.25774676445533,84.69387755102042,False,1477510660508034365,Room in hotel,Private room,2,57.3,Westminster
110.0,1159.7711376085572,0.35506895,220.0,2144.2747056484222,0.3248901,,,,84.88774518651215,100.0,False,1444971859441242659,Entire rental unit,Entire home/apt,4,47.7,Brent
45.0,772.046504762708,0.57778203,90.0,1307.7719449996948,0.48435998,22.5,25.255102040816325,585.8427811642082,69.3903070517293,100.0,True,1259997260174974574,Private room in rental unit,Private room,1,50.8,Southwark
82.0,1176.4877949138076,0.48317745,164.0,1940.1821672916412,0.39434597,,,,64.9130722545051,100.0,False,1483599251394288766,Private room in rental unit,Private room,4,46.1,Tower Hamlets
147.0,2588.910949230194,0.59310675,294.0,3817.2399669885635,0.43279365,,,,47.44578094212201,100.0,False,1487182104039237592,Entire rental unit,Entire home/apt,4,57.3,Westminster
134.0,1425.897254329555,0.35835752,268.0,2131.939069032669,0.26516655,,,,49.515616399379994,100.0,False,1440566908187654068,Entire serviced apartment,Entire home/apt,4,57.3,Westminster
94.0,1415.0073202532162,0.5069486,188.0,1964.9805200099945,0.3484008,,,,38.86716286798858,100.0,False,1498579124866680195,Entire rental unit,Entire home/apt,2,46.1,Tower Hamlets
142.0,1457.70676465667,0.34571236,284.0,2627.812818288803,0.30842873,,,,80.27033159222015,100.0,False,1410219202957160865,Entire serviced apartment,Entire home/apt,10,46.1,Tower Hamlets
112.0,912.1710062026978,0.27427822,193.14285714285714,1151.492222888129,0.19872893,,,,26.236441967357433,72.44897959183673,False,34927320,Room in boutique hotel,Private room,2,46.1,Tower Hamlets
241.0,1838.6465798531258,0.2569297,482.0,2667.7968674898148,0.18449494,,,,45.09568596390737,100.0,False,1507930525314166613,Entire home,Entire home/apt,2,57.3,Westminster
53.0,936.4272414178264,0.5950196,106.0,1621.9800353050232,0.5100566,,,,73.20940309780123,100.0,False,1151658150838505624,Private room in rental unit,Private room,2,77.8,Wandsworth
42.0,615.9609965341431,0.4938977,84.0,803.6374354362488,0.31890374,,,,30.46888357511492,100.0,False,621777,Private room in home,Private room,1,63.0,Haringey
303.0,2648.274398391344,0.29434282,606.0,3793.4860557317734,0.2086626,,,,43.24369325308855,100.0,False,1093310559115387946,Entire rental unit,Entire home/apt,4,83.3,Kensington and Chelsea
934.0,15316.801968375032,0.55227363,1782.2244897959183,27511.708311329083,0.5145575,,,,79.6178364656876,90.81632653061223,False,1022225023020701037,Entire home,Entire home/apt,14,26.8,Kingston upon Thames
238.0,3345.003470139844,0.47331765,337.57142857142856,4000.091456089701,0.39498717,,,,19.584074928402682,41.836734693877546,False,36193239,Entire rental unit,Entire home/apt,6,72.6,Hammersmith and Fulham
105.0,1111.9620837271214,0.35664305,197.14285714285714,1720.4813539981842,0.29090264,,,,54.7248219320035,87.75510204081633,False,1129765100048723014,Entire rental unit,Entire home/apt,2,57.3,Westminster
125.0,244.61746786017807,0.06590381,62.5,345.07423639297485,0.1840396,,,,41.066882676676755,-50.0,False,696889507721845613,Private room in home,Private room,2,38.4,Lewisham
270.0,2785.9943426385216,0.3474958,457.3469387755102,3345.8657728774206,0.24386051,,,,20.095928468708358,69.3877551020408,False,30670294,Entire rental unit,Entire home/apt,6,77.8,Wandsworth
550.0,5678.416193443902,0.34769434,763.265306122449,6713.1203741443405,0.2931755,,,,18.221703824652227,38.77551020408164,False,877165976059754033,Entire home,Entire home/apt,6,77.8,Wandsworth
49.0,593.7718105316162,0.4080906,93.5,768.8775171339512,0.27410963,,,,29.490404141206906,90.81632653061224,False,1484981978107880133,Private room in condo,Private room,2,75.0,Hackney
112.0,773.3323001861572,0.23253119,193.14285714285714,963.3348267418997,0.16625601,,,,24.569325050822904,72.44897959183673,False,39335095,Entire home,Entire home/apt,6,15.8,Barking and Dagenham
63.0,962.4066073128156,0.51445943,126.0,1282.8390365839005,0.3393754,,,,33.294911613894726,100.0,False,1228893056251728072,Entire rental unit,Entire home/apt,3,45.0,Ealing
73.0,893.210468787928,0.4120634,134.82653061224488,1429.7211158518887,0.35347176,,,,60.0654230790641,84.69387755102038,False,36645460,Entire rental unit,Entire home/apt,2,15.1,Redbridge
198.0,668.2841988546508,0.11366561,147.48979591836735,1119.5109396078149,0.25301433,,,,67.52018699925961,-25.510204081632654,False,1179786736979919441,Entire rental unit,Entire home/apt,4,83.3,Kensington and Chelsea
149.0,2328.1331271054796,0.5262046,298.0,4019.441151022911,0.44960192,,,,72.64653400727991,100.0,False,1450262277414284581,Entire home,Entire home/apt,7,32.4,Merton
349.0,2886.10875300911,0.2784969,698.0,5257.9666793346405,0.25109679,,,,82.18186247668554,100.0,False,1415986831058192013,Entire rental unit,Entire home/apt,8,19.0,City of London
300.0,3759.8296784016557,0.42206565,600.0,7262.054085731506,0.40344745,,,,93.14848562019661,100.0,False,994074224957174905,Entire rental unit,Entire home/apt,4,42.7,Camden
48.0,497.78899684244266,0.34925058,96.0,667.7531433105469,0.23185873,,,,34.14381345232914,100.0,False,1188841844544270865,Private room in rental unit,Private room,1,19.4,Bexley
396.0,3268.3014091058653,0.27794573,792.0,5366.838626861572,0.22587705,,,,64.20880313880905,100.0,False,1415237249459328120,Entire condo,Entire home/apt,6,57.3,Westminster
143.0,1666.704796485755,0.39251453,250.9795918367347,2465.283779076168,0.32742155,,,,47.91364279230585,75.51020408163266,False,38477371,Entire townhouse,Entire home/apt,5,32.4,Merton
413.0,3262.274133988789,0.26601338,826.0,4653.0781853199005,0.18777555,,,,42.632960757058534,100.0,False,1450888701385172199,Entire rental unit,Entire home/apt,7,57.3,Westminster
188.0,3341.3366924986544,0.59854317,376.0,4901.2138867378235,0.43450478,94.0,94.0,2121.8113124370575,46.68422663723516,100.0,True,1399205512154294401,Entire condo,Entire home/apt,4,75.0,Hackney
75.0,1400.285422649919,0.62876505,145.40816326530614,2269.9395445536597,0.5203604,37.5,44.38775510204081,1016.1239112518272,62.105489912049194,93.87755102040819,True,3482462,Entire condo,Entire home/apt,3,72.6,Hammersmith and Fulham
149.0,2820.5083751678467,0.6374912,298.0,4543.734201192856,0.5082477,,,,61.09628466969048,100.0,False,49041965,Entire townhouse,Entire home/apt,6,50.8,Southwark
49.0,352.69545525312424,0.24240237,47.0,361.7694729566574,0.2565741,,,,2.5727628662016317,-4.081632653061225,False,1192829618817306702,Private room in home,Private room,1,38.4,Lewisham
195.0,2140.790323137629,0.3697197,390.0,3449.468046426773,0.29482633,,,,61.13058850953198,100.0,False,1189334466365222670,Entire home,Entire home/apt,10,20.3,Enfield
45.0,523.3147480049913,0.39163685,90.0,649.0307182073593,0.24038175,,,,24.023013049341564,100.0,False,1258715204342736384,Private room in home,Private room,2,47.7,Brent
70.0,710.1628412093435,0.3416591,140.0,1231.8275928497314,0.29329228,,,,73.45706102448838,100.0,False,1170705561843680029,Private room in rental unit,Private room,2,75.0,Hackney
311.0,1626.6224154632312,0.17614059,622.0,2701.044992208481,0.14475054,,,,66.05236510522785,100.0,False,1039653399567006251,Entire rental unit,Entire home/apt,5,41.2,Newham
75.0,756.4997113480861,0.3396883,145.40816326530614,1369.0920584664054,0.31385034,,,,80.97720830939603,93.87755102040819,False,967312691408063660,Private room in home,Private room,2,46.1,Tower Hamlets
403.0,2539.116000156014,0.212183,806.0,5130.584907531738,0.212183,,,,102.06185567010306,100.0,False,1120884733795312121,Entire rental unit,Entire home/apt,4,75.0,Hackney
137.0,1740.540274177887,0.42785498,274.0,2690.1018404960632,0.327263,,,,54.55556417771973,100.0,False,1305919184419887322,Entire rental unit,Entire home/apt,3,42.7,Camden
36.0,261.8482516553937,0.24495159,35.63265306122449,261.8482516553937,0.24495159,,,,0.0,-1.0204081632653108,False,669308932697867141,Private room in rental unit,Private room,6,50.8,Southwark
137.0,1796.1481147670017,0.44152436,269.80612244897964,3105.8363195767215,0.3837121,,,,72.91649246752759,96.93877551020411,False,1213654240597529299,Entire rental unit,Entire home/apt,4,50.8,Southwark
314.0,4372.413235866294,0.46894795,628.0,8469.031323194504,0.44952396,,,,93.69238144565627,100.0,False,46809651,Entire rental unit,Entire home/apt,2,57.3,Westminster
276.0,3216.9769786571965,0.3925292,552.0,5158.636636734009,0.31151187,,,,60.356653807553315,100.0,False,885302496445088686,Entire rental unit,Entire home/apt,4,77.8,Wandsworth
142.0,1421.227471232414,0.33706087,131.85714285714286,1632.1291710223472,0.41260037,,,,14.839404955144184,-7.14285714285714,False,1489683807069981988,Entire rental unit,Entire home/apt,4,38.3,Waltham Forest
125.0,1583.627379898514,0.42665425,246.1734693877551,2598.8476772849654,0.35189924,,,,64.10727108365046,96.93877551020408,False,46088308,Entire rental unit,Entire home/apt,2,72.6,Hammersmith and Fulham
149.0,2000.3908750110745,0.4521283,270.6326530612245,3350.3140197785533,0.4126521,,,,67.48296853533714,81.6326530612245,False,993908283559078047,Entire home,Entire home/apt,4,45.0,Ealing
221.0,2598.96063367323,0.39604133,408.1734693877551,3647.575771845117,0.2978779,,,,40.34748062689319,84.6938775510204,False,41797620,Entire condo,Entire home/apt,6,49.0,Lambeth
56.0,400.2553993463516,0.24070342,93.14285714285714,502.4373149871826,0.17980886,,,,25.52917857140767,66.3265306122449,False,1480315937421611979,Private room in home,Private room,2,26.8,Kingston upon Thames
129.0,1720.8637212308086,0.44925183,258.0,2878.423590660095,0.37188935,,,,67.2662137709178,100.0,False,714372445091861833,Entire rental unit,Entire home/apt,5,83.3,Kensington and Chelsea
94.0,77.51117470921301,0.027769595,67.14285714285714,446.7760441558701,0.22180371,,,,476.40210696325073,-28.571428571428577,False,1024786144994443412,Entire rental unit,Entire home/apt,3,45.0,Ealing
76.0,1523.0090314514784,0.6748729,142.69387755102042,2235.576703402461,0.5222314,38.0,65.91836734693877,1503.142909614407,46.78683167570464,87.75510204081634,True,51097020,Entire condo,Entire home/apt,2,50.8,Southwark
150.0,245.94619292385727,0.05521816,93.36734693877551,504.8210397362709,0.18022755,,,,105.25670014845846,-37.755102040816325,False,1483505532184774083,Private room in rental unit,Private room,2,75.0,Hackney
458.0,5861.246082588119,0.43098044,916.0,11843.342599868774,0.43098044,,,,102.06185567010306,100.0,False,590238574023627809,Entire serviced apartment,Entire home/apt,2,57.3,Westminster
77.0,525.5673474924905,0.22986388,38.5,689.7812560200691,0.5972132,,,,31.245074358415113,-50.0,False,1260891653361628544,Private room in rental unit,Private room,2,46.1,Tower Hamlets
60.0,672.7645326025631,0.37761125,120.0,1121.453046798706,0.31151474,,,,66.69324740714393,100.0,False,1460076478781531988,Private room in rental unit,Private room,1,42.7,Camden
188.0,3490.768512682039,0.6253113,329.9591836734694,5252.083893503462,0.53057915,,,,50.45637871495992,75.51020408163266,False,53354926,Entire rental unit,Entire home/apt,4,57.3,Westminster
210.0,3007.6534528817447,0.482327,420.0,5133.8634967803955,0.40744948,,,,70.69331880178716,100.0,False,1471144795298457285,Entire condo,Entire home/apt,4,57.3,Westminster
163.0,2334.5411035570564,0.48233303,326.0,3873.686758875847,0.3960825,,,,65.9292592010331,100.0,False,1409686362936280523,Entire rental unit,Entire home/apt,4,46.1,Tower Hamlets
110.0,687.3836011910926,0.21044546,220.0,797.2213089466095,0.12079111,,,,15.979099234429084,100.0,False,912971399888079022,Private room in condo,Private room,1,83.3,Kensington and Chelsea
41.0,517.9049230777488,0.42540175,64.42857142857142,588.8073301741055,0.30463055,,,,13.690236168253742,57.14285714285712,False,19861435,Private room in home,Private room,2,26.8,Kingston upon Thames
28.0,268.64495413643976,0.3231125,24.285714285714285,376.07055391584123,0.51617527,,,,39.9879462187263,-13.265306122448983,False,18129429,Private room in home,Private room,1,25.8,Bromley
140.0,2116.4086971964152,0.50910175,245.71428571428572,2418.314363275256,0.3280659,,,,14.264998366278302,75.51020408163266,False,934524965748450340,Entire rental unit,Entire home/apt,2,42.7,Camden
643.0,8802.539960246306,0.461031,1286.0,16648.880363702774,0.43154174,,,,89.13723128655832,100.0,False,1421000013498335613,Entire rental unit,Entire home/apt,4,19.0,City of London
170.0,1551.645408540356,0.30738074,340.0,2187.4901801347733,0.21445982,,,,40.97874218521106,100.0,False,1371146481294570874,Entire rental unit,Entire home/apt,5,42.7,Camden
512.0,5727.559138706752,0.37673217,1024.0,11081.905517578125,0.3607391,,,,93.4839125917843,100.0,False,46707169,Room in boutique hotel,Private room,4,83.3,Kensington and Chelsea
45.0,499.25951246096173,0.37363446,90.0,697.117280960083,0.2581916,,,,39.63024510516306,100.0,False,21578564,Private room in home,Private room,2,45.0,Ealing
95.0,1122.5442608400267,0.39793575,190.0,1750.2739548683167,0.3070656,,,,55.92026220494368,100.0,False,51792501,Entire rental unit,Entire home/apt,2,75.0,Hackney
161.0,1926.8328669880118,0.40304288,208.64285714285714,2165.5514109134674,0.3459742,,,,12.389167115392622,29.591836734693878,False,738120154535282152,Entire rental unit,Entire home/apt,4,72.6,Hammersmith and Fulham
108.0,766.1172392416972,0.23889363,206.08163265306123,1115.6239770018326,0.18045017,,,,45.620529059765985,90.81632653061226,False,1048578080536249721,Entire rental unit,Entire home/apt,4,30.2,Barnet
53.0,935.9630975917893,0.59472466,104.37755102040816,1498.3445311352916,0.47850153,26.5,34.61224489795919,807.5152074074259,60.08585541358376,96.93877551020408,True,7804137,Private room in condo,Private room,2,38.4,Lewisham
33.0,417.6722289865114,0.42624053,49.836734693877546,546.149279244092,0.3652923,,,,30.76025680934839,51.02040816326529,False,1478335126335232432,Private room in rental unit,Private room,2,46.1,Tower Hamlets
99.0,112.06227410812767,0.03812039,58.59183673469388,380.1643371247515,0.21627833,,,,239.24381791318555,-40.816326530612244,False,1464452473378031490,Private room in rental unit,Private room,2,30.2,Barnet
126.0,611.9818540130343,0.16356903,186.42857142857144,707.4984874044146,0.12650037,,,,15.607755812535244,47.959183673469404,False,1107890216640371982,Private room in home,Private room,3,49.0,Lambeth
110.0,742.4426501654849,0.22730203,169.48979591836735,962.1574278236651,0.18922623,,,,29.59350161378895,54.08163265306123,False,1477452672106499025,Private room in rental unit,Private room,1,57.3,Westminster
272.0,2854.258040457356,0.35339257,435.7551020408163,3451.318306241717,0.26401055,,,,20.91823014322455,60.204081632653065,False,996514013633744168,Entire rental unit,Entire home/apt,7,46.1,Tower Hamlets
152.0,2375.3768532616755,0.52628624,304.0,4063.504557609558,0.4455597,,,,71.06778455089693,100.0,False,1412899075498736569,Entire rental unit,Entire home/apt,4,57.3,Westminster
292.0,3120.090783250575,0.35984665,584.0,6002.950158119202,0.34263414,,,,92.39665045467697,100.0,False,1098470494331530220,Entire rental unit,Entire home/apt,6,42.7,Camden
348.0,1172.2648708674374,0.113443494,696.0,1683.6627674102783,0.08063519,,,,43.624773654133584,100.0,False,1098541621582033714,Entire rental unit,Entire home/apt,4,42.7,Camden
158.0,2063.125957992612,0.43974584,316.0,3545.4723751544952,0.37399498,,,,71.84953547887994,100.0,False,1057961373884900743,Entire rental unit,Entire home/apt,4,57.3,Westminster
56.0,919.0439680644445,0.5526897,112.0,1607.4834537506104,0.4784177,,,,74.90822089133081,100.0,False,1487688998504132702,Private room in rental unit,Private room,3,46.1,Tower Hamlets
133.0,1984.7086157543317,0.50254875,221.2142857142857,2609.0701727781975,0.3931437,,,,31.458600626196382,66.32653061224488,False,1472370582996122913,Entire rental unit,Entire home/apt,2,42.7,Camden
284.0,3239.4058913600684,0.38413167,568.0,6046.532685756683,0.35484347,,,,86.65560564310883,100.0,False,1280479765672391630,Entire rental unit,Entire home/apt,3,57.3,Westminster
363.0,4371.9944508586605,0.40560758,726.0,7469.599347710609,0.3429568,,,,70.85107109968035,100.0,False,1395049535523972474,Entire rental unit,Entire home/apt,8,83.3,Kensington and Chelsea
410.0,5607.2237244370035,0.46057156,769.795918367347,8678.188085069463,0.37577873,,,,54.7680012703756,87.75510204081634,False,41994399,Entire home,Entire home/apt,10,38.3,Waltham Forest
180.0,2632.217647469774,0.49247295,360.0,3690.8004999160767,0.3417408,,,,40.216387632833786,100.0,False,11366428,Private room in townhouse,Private room,2,57.3,Westminster
228.0,2543.1496075951322,0.37563854,456.0,4288.511037826538,0.31348765,,,,68.62991563763583,100.0,False,1467185669727315229,Entire rental unit,Entire home/apt,4,42.7,Camden
35.0,446.4728070156914,0.42959583,68.92857142857143,599.2313890584878,0.28978375,,,,34.21453213777198,96.9387755102041,False,1044605396654084126,Private room in townhouse,Private room,2,46.1,Tower Hamlets
119.0,1349.2608819901943,0.38184056,238.0,2223.493856191635,0.3114137,,,,64.79347217951837,100.0,False,978895353833912150,Private room in home,Private room,3,42.7,Camden
38.0,429.63155101148453,0.38075504,25.97959183673469,495.3842231935384,0.6356069,,,,15.304432839546326,-31.6326530612245,False,1099279135996058691,Private room in home,Private room,1,32.4,Merton
521.0,8515.505776003914,0.5504347,1010.1020408163265,12776.166594119704,0.42161307,,,,50.0341486482462,93.87755102040816,False,1171867059943375465,Entire home,Entire home/apt,6,42.4,Hounslow
98.0,1347.9596203565598,0.46321636,193.0,2058.3109071850777,0.3554941,,,,52.698261587436654,96.93877551020408,False,1483134545281805293,Entire home,Entire home/apt,6,15.8,Barking and Dagenham
200.0,2172.887930456473,0.36588147,400.0,3731.0750484466553,0.31092292,,,,71.71042262004022,100.0,False,867386791293421718,Entire place,Entire home/apt,2,32.4,Merton
115.0,1066.4919434761514,0.312315,103.26530612244898,1118.2530320420556,0.36096442,,,,4.853397054007997,-10.204081632653065,False,15789528,Private room in bed and breakfast,Private room,2,46.1,Tower Hamlets
99.0,1466.6618879625992,0.49891654,198.0,2431.482574939728,0.4093405,,,,65.7834429936269,100.0,False,1039188448670851154,Entire rental unit,Entire home/apt,4,49.0,Lambeth
425.0,4420.733131316243,0.35029864,850.0,7673.2147783041,0.30091038,,,,73.57335424632278,100.0,False,53249119,Entire rental unit,Entire home/apt,4,83.3,Kensington and Chelsea
80.0,334.53675459842293,0.14082733,59.59183673469388,452.9335440421591,0.25335324,,,,35.39126503031314,-25.510204081632654,False,548439866671636693,Private room in home,Private room,2,38.4,Lewisham
118.0,681.7978205790324,0.1945838,66.22448979591837,852.6922484745785,0.4291928,,,,25.06526461912273,-43.877551020408156,False,32539183,Entire serviced apartment,Entire home/apt,3,15.1,Redbridge
176.0,2180.18237464282,0.41717017,352.0,3799.5173835754395,0.35980278,,,,74.2752087057816,100.0,False,1220187393924242999,Entire rental unit,Entire home/apt,6,42.7,Camden
110.0,1015.3200618770659,0.31084463,220.0,1481.9182366132736,0.22453307,,,,45.95577219990981,100.0,False,825443300407741997,Entire home,Entire home/apt,5,26.9,Sutton
169.0,1975.7299537561378,0.39370775,332.8265306122449,2561.8554431260845,0.25657564,,,,29.66627540649675,96.93877551020407,False,42706001,Entire rental unit,Entire home/apt,2,59.8,Islington
89.0,1731.0954055433372,0.65503436,178.0,2295.7170349359512,0.42990956,44.5,71.74489795918367,1683.2634789968024,32.61643625097583,100.0,True,1489097982625613229,Entire home,Entire home/apt,4,77.8,Wandsworth
54.0,441.1148948207193,0.2751003,38.57142857142857,645.2993018286568,0.55766606,,,,46.28825945469907,-28.571428571428577,False,1440466300001518421,Private room in home,Private room,1,20.3,Enfield
169.0,2721.241590459736,0.5422674,332.8265306122449,4595.824492251386,0.46028227,,,,68.88704436841094,96.93877551020407,False,40877012,Entire rental unit,Entire home/apt,2,57.3,Westminster
394.0,4573.959605681653,0.39095718,788.0,8015.56177854538,0.33906776,,,,75.24338799557083,100.0,False,921904759193969491,Entire rental unit,Entire home/apt,11,59.8,Islington
546.0,5946.552434308189,0.36678004,1092.0,11218.849221467972,0.34245571,,,,88.6614024748468,100.0,False,53784173,Entire condo,Entire home/apt,6,57.3,Westminster
214.0,2786.306015490269,0.43847832,428.0,4965.474872589111,0.38671923,,,,78.2099613245605,100.0,False,1175386681168154520,Entire condo,Entire home/apt,2,75.0,Hackney
158.0,1841.4271472789803,0.39249176,316.0,3127.700307369232,0.3299262,,,,69.85197117306203,100.0,False,708605485982514437,Private room in casa particular,Private room,1,42.7,Camden
202.0,2415.5224181377157,0.40271035,404.0,4172.860397100449,0.3442954,,,,72.75188032895922,100.0,False,1391896445414251442,Entire condo,Entire home/apt,6,72.6,Hammersmith and Fulham
86.0,1515.177081373273,0.59333235,172.0,2163.08047413826,0.41920164,,,,42.76090238757855,100.0,False,1460031519790135433,Entire rental unit,Entire home/apt,2,75.0,Hackney
285.0,3904.031734609482,0.46131924,570.0,6769.373944401741,0.39586982,,,,73.39443950700563,100.0,False,1346394972667030654,Entire rental unit,Entire home/apt,4,57.3,Westminster
32.0,395.15396234940505,0.4158622,38.53061224489796,405.2743890334149,0.35060814,,,,2.561135063365781,20.408163265306122,False,1110205258157127934,Private room in home,Private room,1,72.6,Hammersmith and Fulham
195.0,2177.064085964646,0.37598428,300.4591836734694,2653.7294427351076,0.2944082,,,,21.89487024490846,54.08163265306123,False,847307927410843782,Entire vacation home,Entire home/apt,9,59.1,Greenwich
137.0,1746.3595612012612,0.42928547,274.0,2655.490779876709,0.3230524,,,,52.0586503990099,100.0,False,1078091816876121608,Entire condo,Entire home/apt,5,42.7,Camden
39.0,620.597551659662,0.53589356,76.8061224489796,981.8872749501345,0.42613238,19.5,24.275510204081634,550.8157671106105,58.21642742938262,96.9387755102041,True,599719127485288508,Private room in townhouse,Private room,1,50.8,Southwark
164.0,1510.170248698215,0.31010956,328.0,2349.934855699539,0.23881452,,,,55.60728055166042,100.0,False,1265136635988458952,Entire rental unit,Entire home/apt,4,77.8,Wandsworth
388.0,6894.7642323192285,0.59844023,776.0,11904.728364944458,0.5113715,,,,72.6633132593716,100.0,False,1175878224796130441,Entire home,Entire home/apt,6,83.3,Kensington and Chelsea
65.0,465.1846979117516,0.2410156,130.0,545.9321826696396,0.13998261,,,,17.358155829366144,100.0,False,860948725663417241,Private room in home,Private room,2,15.1,Redbridge
